id_code,filename,diagnosis,binary_label,split
001639a390f0,001639a390f0.png,4,1,train
002c21358ce6,002c21358ce6.png,0,0,train
005b95c28852,005b95c28852.png,0,0,train
0083ee8054ee,0083ee8054ee.png,4,1,train
0097f532ac9f,0097f532ac9f.png,0,0,train
00a8624548a9,00a8624548a9.png,2,1,train
00b74780d31d,00b74780d31d.png,2,1,train
00cb6555d108,00cb6555d108.png,1,1,train
00cc2b75cddd,00cc2b75cddd.png,0,0,train
00e4ddff966a,00e4ddff966a.png,2,1,train
00f6c1be5a33,00f6c1be5a33.png,0,0,train
0104b032c141,0104b032c141.png,3,1,train
0125fbd2e791,0125fbd2e791.png,0,0,train
014508ccb9cb,014508ccb9cb.png,0,0,train
0151781fe50b,0151781fe50b.png,0,0,train
0161338f53cc,0161338f53cc.png,2,1,train
0182152c50de,0182152c50de.png,0,0,train
01d9477b1171,01d9477b1171.png,0,0,train
01f7bb8be950,01f7bb8be950.png,0,0,train
0231642cf1c2,0231642cf1c2.png,0,0,train
0232dfea7547,0232dfea7547.png,0,0,train
02358b47ea89,02358b47ea89.png,0,0,train
0243404e8a00,0243404e8a00.png,4,1,train
025a169a0bb0,025a169a0bb0.png,2,1,train
02685f13cefd,02685f13cefd.png,4,1,train
026dcd9af143,026dcd9af143.png,2,1,train
02cd34a85b24,02cd34a85b24.png,0,0,train
02da652c74b8,02da652c74b8.png,0,0,train
02dda30d3acf,02dda30d3acf.png,4,1,train
0304bedad8fe,0304bedad8fe.png,0,0,train
0318598cfd16,0318598cfd16.png,4,1,train
032d7b0b4bf6,032d7b0b4bf6.png,2,1,train
033f2b43de6d,033f2b43de6d.png,2,1,train
0369f3efe69b,0369f3efe69b.png,1,1,train
03747397839f,03747397839f.png,2,1,train
03a7f4a5786f,03a7f4a5786f.png,4,1,train
03b373718013,03b373718013.png,0,0,train
03c85870824c,03c85870824c.png,3,1,train
03e25101e8e8,03e25101e8e8.png,1,1,train
03fd50da928d,03fd50da928d.png,2,1,train
03ff7d159f10,03ff7d159f10.png,2,1,train
041f09eec1e8,041f09eec1e8.png,2,1,train
0423237770a7,0423237770a7.png,0,0,train
042470a92154,042470a92154.png,3,1,train
04579e31e4be,04579e31e4be.png,0,0,train
04a6fc58dabc,04a6fc58dabc.png,2,1,train
04ac765f91a1,04ac765f91a1.png,1,1,train
04aef84a2cc1,04aef84a2cc1.png,0,0,train
04d029cfb612,04d029cfb612.png,2,1,train
05195a3db5e2,05195a3db5e2.png,0,0,train
0519b934f6b1,0519b934f6b1.png,2,1,train
052d9a3fe55a,052d9a3fe55a.png,2,1,train
0551676cc2aa,0551676cc2aa.png,0,0,train
059bc89df7f4,059bc89df7f4.png,1,1,train
05b1bb2bdb81,05b1bb2bdb81.png,0,0,train
05cd0178ccfe,05cd0178ccfe.png,3,1,train
05e9126dfa5c,05e9126dfa5c.png,0,0,train
06024377d573,06024377d573.png,2,1,train
064af6592ba6,064af6592ba6.png,2,1,train
069f43616fab,069f43616fab.png,3,1,train
06b71823f9cd,06b71823f9cd.png,1,1,train
07083738b75e,07083738b75e.png,2,1,train
0709652336e2,0709652336e2.png,0,0,train
070f67572d03,070f67572d03.png,3,1,train
07122e268a1d,07122e268a1d.png,4,1,train
07596907347b,07596907347b.png,0,0,train
0773a1c326ad,0773a1c326ad.png,0,0,train
07751b94a88a,07751b94a88a.png,0,0,train
0790515cf5af,0790515cf5af.png,0,0,train
07929d32b5b3,07929d32b5b3.png,1,1,train
07a2b8cabf6b,07a2b8cabf6b.png,0,0,train
07a3be30563b,07a3be30563b.png,2,1,train
07d8db76b301,07d8db76b301.png,2,1,train
08037e4490e5,08037e4490e5.png,0,0,train
080ee76c958c,080ee76c958c.png,4,1,train
080f66eedfb9,080f66eedfb9.png,4,1,train
084c02cf077f,084c02cf077f.png,0,0,train
0851d6a69589,0851d6a69589.png,0,0,train
086d41d17da8,086d41d17da8.png,1,1,train
08752092140d,08752092140d.png,2,1,train
08a3875063c3,08a3875063c3.png,4,1,train
08b6e3240858,08b6e3240858.png,0,0,train
08c60c647673,08c60c647673.png,0,0,train
08ee569d4721,08ee569d4721.png,0,0,train
08f8838d69bb,08f8838d69bb.png,0,0,train
09237bf783a4,09237bf783a4.png,0,0,train
0924cec998fa,0924cec998fa.png,0,0,train
093a42649c29,093a42649c29.png,3,1,train
093cf723fede,093cf723fede.png,0,0,train
094858f005ab,094858f005ab.png,2,1,train
096436d68d06,096436d68d06.png,0,0,train
0981195eb9fb,0981195eb9fb.png,4,1,train
099021fac3c9,099021fac3c9.png,0,0,train
09934421c79e,09934421c79e.png,0,0,train
09935d72892b,09935d72892b.png,1,1,train
09f1111a388a,09f1111a388a.png,0,0,train
09f6ab477654,09f6ab477654.png,2,1,train
0a09aa7356c0,0a09aa7356c0.png,2,1,train
0a1076183736,0a1076183736.png,2,1,train
0a3202889f4d,0a3202889f4d.png,1,1,train
0a4e1a29ffff,0a4e1a29ffff.png,0,0,train
0a61bddab956,0a61bddab956.png,1,1,train
0a74c92e287c,0a74c92e287c.png,0,0,train
0a85a1e8f9e9,0a85a1e8f9e9.png,0,0,train
0a902c80d5da,0a902c80d5da.png,0,0,train
0a9ec1e99ce4,0a9ec1e99ce4.png,2,1,train
0ada12c0e78f,0ada12c0e78f.png,4,1,train
0ae2dd2e09ea,0ae2dd2e09ea.png,0,0,train
0af296d2f04a,0af296d2f04a.png,2,1,train
0b00f8a77510,0b00f8a77510.png,0,0,train
0b2ea8f268cf,0b2ea8f268cf.png,0,0,train
0b8bdec9d869,0b8bdec9d869.png,0,0,train
0babc12807b2,0babc12807b2.png,0,0,train
0bf37ca3156a,0bf37ca3156a.png,4,1,train
0c2e2369dfff,0c2e2369dfff.png,2,1,train
0c38940e1f80,0c38940e1f80.png,0,0,train
0c55d58bebaf,0c55d58bebaf.png,2,1,train
0c76fd494af6,0c76fd494af6.png,2,1,train
0c7e82daf5a0,0c7e82daf5a0.png,2,1,train
0c917c372572,0c917c372572.png,3,1,train
0ca0aee4d57e,0ca0aee4d57e.png,2,1,train
0cae727cf119,0cae727cf119.png,0,0,train
0cb14014117d,0cb14014117d.png,3,1,train
0cb6b898389f,0cb6b898389f.png,0,0,train
0cbcc7b23613,0cbcc7b23613.png,0,0,train
0cd31078cd08,0cd31078cd08.png,0,0,train
0ce062f26edc,0ce062f26edc.png,0,0,train
0ceb222f6629,0ceb222f6629.png,4,1,train
0cecc2864b7f,0cecc2864b7f.png,0,0,train
0d744aed4d64,0d744aed4d64.png,0,0,train
0da09e3ce8f1,0da09e3ce8f1.png,2,1,train
0da321efbce6,0da321efbce6.png,0,0,train
0daddc45d832,0daddc45d832.png,0,0,train
0dbaa09a458c,0dbaa09a458c.png,2,1,train
0dc031c94225,0dc031c94225.png,1,1,train
0dc8d25b3f69,0dc8d25b3f69.png,3,1,train
0dce95217626,0dce95217626.png,1,1,train
0e0fc1d9810c,0e0fc1d9810c.png,4,1,train
0e43c8298fc0,0e43c8298fc0.png,0,0,train
0e94cd271c00,0e94cd271c00.png,0,0,train
0eced86c9db8,0eced86c9db8.png,0,0,train
0eff8eacb2f7,0eff8eacb2f7.png,2,1,train
0f495d87656a,0f495d87656a.png,1,1,train
0f6e645466a2,0f6e645466a2.png,0,0,train
0f882877bf13,0f882877bf13.png,3,1,train
0fb1053285cf,0fb1053285cf.png,1,1,train
0fb560f9adb2,0fb560f9adb2.png,2,1,train
0fbbd665431f,0fbbd665431f.png,0,0,train
0fc6829da85b,0fc6829da85b.png,0,0,train
0fcfc6301f3d,0fcfc6301f3d.png,2,1,train
0fe31196e0e8,0fe31196e0e8.png,0,0,train
0fffa73e2402,0fffa73e2402.png,2,1,train
1002b5151b8e,1002b5151b8e.png,0,0,train
1002f3fe38f0,1002f3fe38f0.png,0,0,train
1006345f70b7,1006345f70b7.png,2,1,train
101b9ebfc720,101b9ebfc720.png,1,1,train
107aea0d9289,107aea0d9289.png,1,1,train
10bf25731c08,10bf25731c08.png,0,0,train
10de500cf0c5,10de500cf0c5.png,0,0,train
10ecc5292ab1,10ecc5292ab1.png,2,1,train
10f36b0239fb,10f36b0239fb.png,1,1,train
10f6ef37fe43,10f6ef37fe43.png,0,0,train
10fca1abf338,10fca1abf338.png,4,1,train
1116271db4ea,1116271db4ea.png,1,1,train
1120f6d08d95,1120f6d08d95.png,2,1,train
11242a67122d,11242a67122d.png,4,1,train
1124ffcd76c2,1124ffcd76c2.png,2,1,train
1177d583c807,1177d583c807.png,2,1,train
11d8e5eaee5b,11d8e5eaee5b.png,0,0,train
12025b34deb8,12025b34deb8.png,2,1,train
12ab2f6397f0,12ab2f6397f0.png,0,0,train
12ae44be0d38,12ae44be0d38.png,0,0,train
12b57dac703e,12b57dac703e.png,0,0,train
12bc439d373a,12bc439d373a.png,0,0,train
12ce6a1a1f31,12ce6a1a1f31.png,1,1,train
12e3f5f2cb17,12e3f5f2cb17.png,1,1,train
12ef75375322,12ef75375322.png,0,0,train
135575dc57c9,135575dc57c9.png,2,1,train
13c191b59ed0,13c191b59ed0.png,0,0,train
13d411c85ffd,13d411c85ffd.png,0,0,train
13d71389563f,13d71389563f.png,2,1,train
1409ab48175a,1409ab48175a.png,0,0,train
1411c8ab7161,1411c8ab7161.png,2,1,train
1414128bead0,1414128bead0.png,2,1,train
141735b57ec0,141735b57ec0.png,2,1,train
1438288bb2e1,1438288bb2e1.png,2,1,train
143db89c11c8,143db89c11c8.png,0,0,train
144a1a426137,144a1a426137.png,2,1,train
144b01e7b993,144b01e7b993.png,2,1,train
14515b8f19b6,14515b8f19b6.png,2,1,train
14c3b41d289c,14c3b41d289c.png,0,0,train
14e3f84445f7,14e3f84445f7.png,3,1,train
14ee87d6cc42,14ee87d6cc42.png,2,1,train
152db3de8120,152db3de8120.png,0,0,train
15528e740543,15528e740543.png,2,1,train
155e2df6bfcf,155e2df6bfcf.png,0,0,train
1594ca6c30d3,1594ca6c30d3.png,2,1,train
15b21c80cc31,15b21c80cc31.png,0,0,train
15bed5adde74,15bed5adde74.png,3,1,train
15c24478ac72,15c24478ac72.png,0,0,train
15cc2aef772a,15cc2aef772a.png,1,1,train
15e24b73d4a7,15e24b73d4a7.png,0,0,train
15e96e848b46,15e96e848b46.png,4,1,train
15f440753916,15f440753916.png,3,1,train
16060f05d047,16060f05d047.png,0,0,train
1623e8e3adc4,1623e8e3adc4.png,3,1,train
1633f8291a80,1633f8291a80.png,0,0,train
164cd5a3a6cd,164cd5a3a6cd.png,0,0,train
165634a6167e,165634a6167e.png,0,0,train
165c548185f8,165c548185f8.png,0,0,train
166068a24416,166068a24416.png,3,1,train
16ce555748d8,16ce555748d8.png,4,1,train
17188c13e635,17188c13e635.png,2,1,train
172df1330a60,172df1330a60.png,1,1,train
174db0854291,174db0854291.png,0,0,train
175dd560810a,175dd560810a.png,2,1,train
1782142e17d9,1782142e17d9.png,0,0,train
17d997fe1090,17d997fe1090.png,0,0,train
17eb5d4ad740,17eb5d4ad740.png,2,1,train
17f6c7072f61,17f6c7072f61.png,0,0,train
180afe1d5ef7,180afe1d5ef7.png,2,1,train
18621b9ca978,18621b9ca978.png,0,0,train
186c1835eec5,186c1835eec5.png,0,0,train
187f6ccda87a,187f6ccda87a.png,4,1,train
188219f2d9c6,188219f2d9c6.png,0,0,train
1891698febce,1891698febce.png,0,0,train
189cbbc9e5e3,189cbbc9e5e3.png,0,0,train
18b06f56ab27,18b06f56ab27.png,1,1,train
18b7e34eab8f,18b7e34eab8f.png,0,0,train
18b99159a14f,18b99159a14f.png,0,0,train
190a309f2cc5,190a309f2cc5.png,0,0,train
19113e5f45ec,19113e5f45ec.png,2,1,train
191348830ddf,191348830ddf.png,2,1,train
191a711852bd,191a711852bd.png,3,1,train
191cf5668f33,191cf5668f33.png,0,0,train
1943983492e5,1943983492e5.png,2,1,train
1968183f0e61,1968183f0e61.png,2,1,train
196e6a186452,196e6a186452.png,2,1,train
19722bff5a09,19722bff5a09.png,1,1,train
197af0de76e2,197af0de76e2.png,0,0,train
19e350c7c83c,19e350c7c83c.png,1,1,train
19ef4d292196,19ef4d292196.png,4,1,train
1a0dbc6c0cda,1a0dbc6c0cda.png,0,0,train
1a369baf9ee6,1a369baf9ee6.png,2,1,train
1a7e3356b39c,1a7e3356b39c.png,4,1,train
1a90fad9ffa2,1a90fad9ffa2.png,4,1,train
1ab3f1c71a5f,1ab3f1c71a5f.png,3,1,train
1ab8d3431ffc,1ab8d3431ffc.png,0,0,train
1ade1e949383,1ade1e949383.png,2,1,train
1ae3c58759fb,1ae3c58759fb.png,0,0,train
1ae8c165fd53,1ae8c165fd53.png,2,1,train
1b329a127307,1b329a127307.png,1,1,train
1b32e1d775ea,1b32e1d775ea.png,4,1,train
1b3647865779,1b3647865779.png,0,0,train
1b398c0494d1,1b398c0494d1.png,0,0,train
1b495ac025b7,1b495ac025b7.png,3,1,train
1b8701231c8f,1b8701231c8f.png,0,0,train
1b8ad0afe9fb,1b8ad0afe9fb.png,2,1,train
1bf30c84bbad,1bf30c84bbad.png,4,1,train
1c3a6b4449e9,1c3a6b4449e9.png,1,1,train
1c47815f4a6b,1c47815f4a6b.png,0,0,train
1c4d87baaffc,1c4d87baaffc.png,2,1,train
1c4f3aa4df06,1c4f3aa4df06.png,4,1,train
1c578b72d7b3,1c578b72d7b3.png,2,1,train
1c5ad36fb799,1c5ad36fb799.png,2,1,train
1c5e6cdc7ee1,1c5e6cdc7ee1.png,2,1,train
1c6d119c3d70,1c6d119c3d70.png,2,1,train
1c7a013eeba7,1c7a013eeba7.png,0,0,train
1c9521878baf,1c9521878baf.png,3,1,train
1c9c583c10bf,1c9c583c10bf.png,0,0,train
1ca62b3e4fd3,1ca62b3e4fd3.png,0,0,train
1caba2fb38f6,1caba2fb38f6.png,0,0,train
1cb6961d141c,1cb6961d141c.png,0,0,train
1cc58b15f466,1cc58b15f466.png,0,0,train
1d0b93317aa8,1d0b93317aa8.png,0,0,train
1d11794057ff,1d11794057ff.png,1,1,train
1d14dd912671,1d14dd912671.png,2,1,train
1d29cb2f4296,1d29cb2f4296.png,0,0,train
1d3e9b939732,1d3e9b939732.png,0,0,train
1d46f1326394,1d46f1326394.png,0,0,train
1d55e689cf84,1d55e689cf84.png,2,1,train
1d674e2e32e0,1d674e2e32e0.png,1,1,train
1d74c4713e21,1d74c4713e21.png,0,0,train
1da25637859b,1da25637859b.png,2,1,train
1da4a17c18c9,1da4a17c18c9.png,0,0,train
1db0393cdbc1,1db0393cdbc1.png,0,0,train
1db18bdd43aa,1db18bdd43aa.png,2,1,train
1db6bb46c102,1db6bb46c102.png,0,0,train
1dbdc32c17db,1dbdc32c17db.png,2,1,train
1df0431bfa73,1df0431bfa73.png,0,0,train
1df1530b9b8d,1df1530b9b8d.png,0,0,train
1df3e03a8f5f,1df3e03a8f5f.png,1,1,train
1dfbede13143,1dfbede13143.png,2,1,train
1e036f2e7095,1e036f2e7095.png,0,0,train
1e143fa3de57,1e143fa3de57.png,2,1,train
1e4650743fa2,1e4650743fa2.png,2,1,train
1e7ccd4a1c87,1e7ccd4a1c87.png,0,0,train
1e8a1fdee5b9,1e8a1fdee5b9.png,1,1,train
1ec95179cdfe,1ec95179cdfe.png,0,0,train
1ee1eb7943db,1ee1eb7943db.png,2,1,train
1ee355480567,1ee355480567.png,0,0,train
1eee55494271,1eee55494271.png,0,0,train
1efa5d443707,1efa5d443707.png,4,1,train
1f0e223b8055,1f0e223b8055.png,2,1,train
1f31701dd61b,1f31701dd61b.png,0,0,train
1f4bf8e28b41,1f4bf8e28b41.png,2,1,train
1f4fb37e0854,1f4fb37e0854.png,0,0,train
1f543a86c4d4,1f543a86c4d4.png,2,1,train
1f5496352859,1f5496352859.png,0,0,train
1f63d44d9e3c,1f63d44d9e3c.png,2,1,train
1faf8664816c,1faf8664816c.png,0,0,train
1fb455685328,1fb455685328.png,0,0,train
1fd5d860d4d7,1fd5d860d4d7.png,4,1,train
1fddd7c98fd2,1fddd7c98fd2.png,0,0,train
200d947f75db,200d947f75db.png,1,1,train
201f882365d3,201f882365d3.png,0,0,train
203275daf46d,203275daf46d.png,2,1,train
20404ec7b518,20404ec7b518.png,2,1,train
20688cb25704,20688cb25704.png,2,1,train
207a580de0ea,207a580de0ea.png,2,1,train
207dd0487264,207dd0487264.png,0,0,train
20c883d3bd38,20c883d3bd38.png,2,1,train
20d5fdd450ae,20d5fdd450ae.png,4,1,train
20f86e068276,20f86e068276.png,0,0,train
21037f5c7790,21037f5c7790.png,0,0,train
211518c46162,211518c46162.png,4,1,train
2131aa3a1e6f,2131aa3a1e6f.png,2,1,train
215d2b7c3fde,215d2b7c3fde.png,0,0,train
217dad18a5ed,217dad18a5ed.png,2,1,train
218c822a3dd9,218c822a3dd9.png,0,0,train
22098b1fe461,22098b1fe461.png,1,1,train
2209daf71aab,2209daf71aab.png,0,0,train
2221cf5c7935,2221cf5c7935.png,0,0,train
222f3ee3a1e8,222f3ee3a1e8.png,4,1,train
22325552a4e3,22325552a4e3.png,1,1,train
2241b7e90782,2241b7e90782.png,2,1,train
22449af52060,22449af52060.png,0,0,train
224bb938e2dd,224bb938e2dd.png,2,1,train
224c14366e11,224c14366e11.png,0,0,train
226c6ceb9185,226c6ceb9185.png,0,0,train
22895c89792f,22895c89792f.png,4,1,train
22a6da005395,22a6da005395.png,1,1,train
22ce8ef69357,22ce8ef69357.png,2,1,train
22d843b2bbd1,22d843b2bbd1.png,0,0,train
232549883508,232549883508.png,2,1,train
233d948e2544,233d948e2544.png,0,0,train
236f56771ec6,236f56771ec6.png,2,1,train
2376e5415458,2376e5415458.png,2,1,train
237aa50edc34,237aa50edc34.png,0,0,train
237c078d00fc,237c078d00fc.png,3,1,train
239f2c348ea4,239f2c348ea4.png,2,1,train
2408799a09b2,2408799a09b2.png,0,0,train
242fc19be06f,242fc19be06f.png,0,0,train
2463bb04ebc3,2463bb04ebc3.png,2,1,train
246e4506824a,246e4506824a.png,2,1,train
248139c423c4,248139c423c4.png,1,1,train
24b87f744598,24b87f744598.png,3,1,train
24b943fe725e,24b943fe725e.png,1,1,train
24f271c87e73,24f271c87e73.png,0,0,train
24f3e70f0419,24f3e70f0419.png,0,0,train
25002fe43f92,25002fe43f92.png,2,1,train
252305189b3a,252305189b3a.png,0,0,train
2532613a584a,2532613a584a.png,2,1,train
253e96488cfb,253e96488cfb.png,0,0,train
254052cf3e48,254052cf3e48.png,4,1,train
2585bbc91909,2585bbc91909.png,0,0,train
259d30f693b6,259d30f693b6.png,1,1,train
25a0a1e41afd,25a0a1e41afd.png,0,0,train
25b0e72705a8,25b0e72705a8.png,3,1,train
25d069089c5e,25d069089c5e.png,4,1,train
25dc1b41ed9c,25dc1b41ed9c.png,2,1,train
25e9fd872182,25e9fd872182.png,1,1,train
2608e1dac5b1,2608e1dac5b1.png,2,1,train
260a455692b5,260a455692b5.png,0,0,train
2628305cbb29,2628305cbb29.png,4,1,train
263d8851e33b,263d8851e33b.png,0,0,train
26453eb7e989,26453eb7e989.png,2,1,train
26463a5fb949,26463a5fb949.png,4,1,train
266fbefa58fb,266fbefa58fb.png,0,0,train
2682e6da9050,2682e6da9050.png,0,0,train
26999ebc21de,26999ebc21de.png,2,1,train
269b44e628eb,269b44e628eb.png,3,1,train
26cd40b57ad1,26cd40b57ad1.png,0,0,train
26d60db3bbfd,26d60db3bbfd.png,0,0,train
26d9576e8043,26d9576e8043.png,0,0,train
26fc2358a38d,26fc2358a38d.png,0,0,train
2700754f71e9,2700754f71e9.png,2,1,train
272d9c043c81,272d9c043c81.png,2,1,train
274f4de2a59d,274f4de2a59d.png,0,0,train
274f5029189b,274f5029189b.png,1,1,train
2776d70724d3,2776d70724d3.png,2,1,train
27933cdbe0cc,27933cdbe0cc.png,0,0,train
27b68863349f,27b68863349f.png,2,1,train
27bab1432f61,27bab1432f61.png,2,1,train
27e2be850a99,27e2be850a99.png,4,1,train
27e4c800a449,27e4c800a449.png,1,1,train
27fca9f12b3c,27fca9f12b3c.png,2,1,train
282bc792d23a,282bc792d23a.png,2,1,train
283c3aeba594,283c3aeba594.png,0,0,train
28503940d10b,28503940d10b.png,0,0,train
286e9981dd9b,286e9981dd9b.png,0,0,train
28751f290ba3,28751f290ba3.png,0,0,train
289a47dcbb82,289a47dcbb82.png,0,0,train
28a4d00927b7,28a4d00927b7.png,2,1,train
28dc010a0780,28dc010a0780.png,0,0,train
28f73575e1f2,28f73575e1f2.png,0,0,train
28f93cad89c5,28f93cad89c5.png,2,1,train
28f98cfe3858,28f98cfe3858.png,1,1,train
290ecdba359f,290ecdba359f.png,2,1,train
29192375ab1b,29192375ab1b.png,0,0,train
291e2ff3d834,291e2ff3d834.png,2,1,train
291f581d365e,291f581d365e.png,0,0,train
2923971566fe,2923971566fe.png,0,0,train
2927665214e1,2927665214e1.png,0,0,train
29580bed2f7d,29580bed2f7d.png,2,1,train
2967e578939f,2967e578939f.png,2,1,train
2974c6ad1d58,2974c6ad1d58.png,0,0,train
299086c6d1b5,299086c6d1b5.png,3,1,train
2994f17f58a5,2994f17f58a5.png,1,1,train
29a13e666266,29a13e666266.png,0,0,train
29b52f64d2db,29b52f64d2db.png,1,1,train
29bc0e721cfe,29bc0e721cfe.png,4,1,train
29d059522fa1,29d059522fa1.png,0,0,train
29f44aea93a4,29f44aea93a4.png,2,1,train
29f9e1ac9507,29f9e1ac9507.png,0,0,train
2a099b247b10,2a099b247b10.png,2,1,train
2a3378bcfbcc,2a3378bcfbcc.png,2,1,train
2a3a1ed1c285,2a3a1ed1c285.png,2,1,train
2a47e5b21791,2a47e5b21791.png,2,1,train
2a5a8b744f08,2a5a8b744f08.png,2,1,train
2a7373eeb352,2a7373eeb352.png,0,0,train
2a8a9e957a6c,2a8a9e957a6c.png,1,1,train
2b10f138e67d,2b10f138e67d.png,0,0,train
2b21d293fdf2,2b21d293fdf2.png,2,1,train
2b2f5a0f880d,2b2f5a0f880d.png,0,0,train
2b3a4a81d748,2b3a4a81d748.png,0,0,train
2b4c7b5f1f1e,2b4c7b5f1f1e.png,0,0,train
2b5bb6d33959,2b5bb6d33959.png,0,0,train
2b88cb6e31cd,2b88cb6e31cd.png,2,1,train
2ba0b0d9bda2,2ba0b0d9bda2.png,2,1,train
2bb063318cf1,2bb063318cf1.png,3,1,train
2bbcfdc477db,2bbcfdc477db.png,4,1,train
2bbd1f99ecc3,2bbd1f99ecc3.png,3,1,train
2bd4d4fbed5c,2bd4d4fbed5c.png,2,1,train
2c1d5be654dd,2c1d5be654dd.png,2,1,train
2c2aa057afc5,2c2aa057afc5.png,2,1,train
2c8101f14723,2c8101f14723.png,0,0,train
2cceb07ff706,2cceb07ff706.png,2,1,train
2cdcc910778d,2cdcc910778d.png,0,0,train
2cef97083e6f,2cef97083e6f.png,2,1,train
2d04cead4d3a,2d04cead4d3a.png,0,0,train
2d07162a13b1,2d07162a13b1.png,0,0,train
2d3f4094c08a,2d3f4094c08a.png,0,0,train
2d558de2cabe,2d558de2cabe.png,0,0,train
2d870833c0c9,2d870833c0c9.png,2,1,train
2d9d97a6e713,2d9d97a6e713.png,1,1,train
2dc647e00ad3,2dc647e00ad3.png,0,0,train
2dd28ac497d2,2dd28ac497d2.png,0,0,train
2e79041ef722,2e79041ef722.png,2,1,train
2eba4279e503,2eba4279e503.png,0,0,train
2ecbc2e3f239,2ecbc2e3f239.png,1,1,train
2ef10194e80d,2ef10194e80d.png,0,0,train
2ef4a04aed1b,2ef4a04aed1b.png,0,0,train
2ef955d6d9ff,2ef955d6d9ff.png,0,0,train
2f143453bb71,2f143453bb71.png,0,0,train
2f284b6a1940,2f284b6a1940.png,4,1,train
2f2e1949ad56,2f2e1949ad56.png,1,1,train
2f42e20db938,2f42e20db938.png,3,1,train
2f4e81787d9b,2f4e81787d9b.png,1,1,train
2f5c9cdfb333,2f5c9cdfb333.png,2,1,train
2f7789c1e046,2f7789c1e046.png,4,1,train
2f7fbdcc9a4b,2f7fbdcc9a4b.png,0,0,train
2f81ee5f2926,2f81ee5f2926.png,0,0,train
2fde69f20585,2fde69f20585.png,4,1,train
2fdfb80ea53c,2fdfb80ea53c.png,0,0,train
2fdffb6160a6,2fdffb6160a6.png,2,1,train
2fe06bedb2c4,2fe06bedb2c4.png,4,1,train
2fefb720869a,2fefb720869a.png,0,0,train
300305ce82d2,300305ce82d2.png,2,1,train
3044022c6969,3044022c6969.png,1,1,train
306c841af3fc,306c841af3fc.png,0,0,train
3079490a4b9c,3079490a4b9c.png,0,0,train
30941b65348b,30941b65348b.png,1,1,train
30cab14951ac,30cab14951ac.png,1,1,train
30db694bee42,30db694bee42.png,0,0,train
312694ea8e6a,312694ea8e6a.png,4,1,train
3128eb593012,3128eb593012.png,2,1,train
31360e44ac64,31360e44ac64.png,0,0,train
31452ad8808c,31452ad8808c.png,2,1,train
314862758acf,314862758acf.png,2,1,train
315c1a0d87fd,315c1a0d87fd.png,0,0,train
31616ff6b53b,31616ff6b53b.png,3,1,train
3178559fbf57,3178559fbf57.png,0,0,train
318eb706a134,318eb706a134.png,0,0,train
31b5d6fb0256,31b5d6fb0256.png,2,1,train
31cb39681f6a,31cb39681f6a.png,1,1,train
3218a6d8eb2c,3218a6d8eb2c.png,3,1,train
3232b34cbe99,3232b34cbe99.png,0,0,train
3246f07e65b4,3246f07e65b4.png,2,1,train
3254e48c8aa0,3254e48c8aa0.png,0,0,train
32a3eb37ff40,32a3eb37ff40.png,2,1,train
33105f9b3a04,33105f9b3a04.png,1,1,train
331121c65e88,331121c65e88.png,0,0,train
331b87d1b9d1,331b87d1b9d1.png,2,1,train
3323fd59782e,3323fd59782e.png,0,0,train
3325b1fe55d2,3325b1fe55d2.png,0,0,train
33596a635b53,33596a635b53.png,0,0,train
33778d136069,33778d136069.png,3,1,train
33b893e18eb3,33b893e18eb3.png,1,1,train
33b91def2035,33b91def2035.png,0,0,train
33b978734eab,33b978734eab.png,0,0,train
33d72035c27a,33d72035c27a.png,0,0,train
33e7bf536fc5,33e7bf536fc5.png,0,0,train
33e8e26a75d4,33e8e26a75d4.png,2,1,train
33ffddea8c6e,33ffddea8c6e.png,1,1,train
3402124408ea,3402124408ea.png,2,1,train
3428230bf1bd,3428230bf1bd.png,2,1,train
342edf9b889d,342edf9b889d.png,0,0,train
3461dc601cc2,3461dc601cc2.png,1,1,train
348598d01e18,348598d01e18.png,0,0,train
3486f7096276,3486f7096276.png,0,0,train
349f3c0ac83e,349f3c0ac83e.png,2,1,train
34a7dbd3f05c,34a7dbd3f05c.png,0,0,train
34acae864963,34acae864963.png,0,0,train
352e4a939242,352e4a939242.png,3,1,train
354b8911d6ed,354b8911d6ed.png,2,1,train
356304d15a5c,356304d15a5c.png,0,0,train
35777eb7859d,35777eb7859d.png,0,0,train
357f02a779d7,357f02a779d7.png,0,0,train
3599029efeb3,3599029efeb3.png,0,0,train
359bab5d784b,359bab5d784b.png,0,0,train
35aa7f5c2ec0,35aa7f5c2ec0.png,1,1,train
35ac70c0d08f,35ac70c0d08f.png,0,0,train
35beb47fe159,35beb47fe159.png,0,0,train
35cd9832fc0a,35cd9832fc0a.png,0,0,train
35d6c4c50072,35d6c4c50072.png,1,1,train
3601dac9bed7,3601dac9bed7.png,0,0,train
36041171f441,36041171f441.png,1,1,train
360832d84ce0,360832d84ce0.png,0,0,train
362c4a96cebb,362c4a96cebb.png,2,1,train
365f8c01d994,365f8c01d994.png,1,1,train
367c7049929c,367c7049929c.png,2,1,train
369229040a34,369229040a34.png,0,0,train
3694e8c8e09a,3694e8c8e09a.png,0,0,train
36a1e3c780a0,36a1e3c780a0.png,2,1,train
36b5b3c9fb32,36b5b3c9fb32.png,3,1,train
36e4b704b905,36e4b704b905.png,0,0,train
3710ff45299c,3710ff45299c.png,0,0,train
3730c322d35b,3730c322d35b.png,0,0,train
3732de8b416f,3732de8b416f.png,0,0,train
374535e0adb8,374535e0adb8.png,4,1,train
3748349334f6,3748349334f6.png,2,1,train
37c4dfe03aba,37c4dfe03aba.png,4,1,train
37c523296d42,37c523296d42.png,0,0,train
37de05ef12a5,37de05ef12a5.png,2,1,train
38055d8b9f08,38055d8b9f08.png,3,1,train
3810040096cb,3810040096cb.png,4,1,train
38373431d996,38373431d996.png,0,0,train
384631079d1e,384631079d1e.png,1,1,train
38487e1a5b1f,38487e1a5b1f.png,2,1,train
384db24ebbd7,384db24ebbd7.png,0,0,train
384e6c915722,384e6c915722.png,0,0,train
387138ddf43d,387138ddf43d.png,0,0,train
388279491b5d,388279491b5d.png,0,0,train
388f12e8df0b,388f12e8df0b.png,2,1,train
38b9bb961847,38b9bb961847.png,1,1,train
38c7153457e2,38c7153457e2.png,0,0,train
38e0e28d35d3,38e0e28d35d3.png,1,1,train
38e111cac46f,38e111cac46f.png,2,1,train
3908b3cfd620,3908b3cfd620.png,0,0,train
39134907127a,39134907127a.png,2,1,train
393fa5a023a5,393fa5a023a5.png,0,0,train
39923b29988a,39923b29988a.png,2,1,train
39aa3cd93c50,39aa3cd93c50.png,3,1,train
39fd8ef3a45c,39fd8ef3a45c.png,0,0,train
3a1d3ce00f0c,3a1d3ce00f0c.png,2,1,train
3a1ecf5e2839,3a1ecf5e2839.png,4,1,train
3a4cfea0a766,3a4cfea0a766.png,0,0,train
3a61e690f4bb,3a61e690f4bb.png,2,1,train
3a643599f852,3a643599f852.png,0,0,train
3a6e9730b298,3a6e9730b298.png,4,1,train
3aa2b1ce6700,3aa2b1ce6700.png,2,1,train
3ac92ac3d65a,3ac92ac3d65a.png,0,0,train
3af9aaa880e9,3af9aaa880e9.png,0,0,train
3b018e8b7303,3b018e8b7303.png,3,1,train
3b0190bbe615,3b0190bbe615.png,0,0,train
3b10191dfd25,3b10191dfd25.png,0,0,train
3b185ac445d0,3b185ac445d0.png,4,1,train
3b232b394e4f,3b232b394e4f.png,4,1,train
3b2b91590590,3b2b91590590.png,0,0,train
3b4a5fcbe5e0,3b4a5fcbe5e0.png,4,1,train
3b9817a39adf,3b9817a39adf.png,0,0,train
3b9c1f42c2f2,3b9c1f42c2f2.png,2,1,train
3bf2deaa5ef0,3bf2deaa5ef0.png,0,0,train
3bf3085ac167,3bf3085ac167.png,0,0,train
3c1efa38d0da,3c1efa38d0da.png,2,1,train
3c311c9109b0,3c311c9109b0.png,2,1,train
3c42512c81e0,3c42512c81e0.png,0,0,train
3c53198519f7,3c53198519f7.png,2,1,train
3c72f580d4ba,3c72f580d4ba.png,1,1,train
3c78bfca247b,3c78bfca247b.png,4,1,train
3c9529918097,3c9529918097.png,0,0,train
3ca12e02dd4e,3ca12e02dd4e.png,0,0,train
3ca637fddd56,3ca637fddd56.png,4,1,train
3ca8be3b40d6,3ca8be3b40d6.png,0,0,train
3cab32dd6ef9,3cab32dd6ef9.png,0,0,train
3ccf96c1dd6d,3ccf96c1dd6d.png,4,1,train
3cd801ffdbf0,3cd801ffdbf0.png,2,1,train
3cd9713c0ecb,3cd9713c0ecb.png,0,0,train
3cdda8b3df19,3cdda8b3df19.png,2,1,train
3cdef7c591cc,3cdef7c591cc.png,0,0,train
3ce2f8a77a32,3ce2f8a77a32.png,0,0,train
3d2ecffe0386,3d2ecffe0386.png,0,0,train
3d3e288d490e,3d3e288d490e.png,2,1,train
3d663a6a50a3,3d663a6a50a3.png,2,1,train
3dbc90c7ee7d,3dbc90c7ee7d.png,1,1,train
3de8ad4151e1,3de8ad4151e1.png,1,1,train
3e3a3955b9c5,3e3a3955b9c5.png,3,1,train
3e61703b5ab2,3e61703b5ab2.png,0,0,train
3f0d3629d69e,3f0d3629d69e.png,0,0,train
3f3de2a6b0f5,3f3de2a6b0f5.png,2,1,train
3f44d749cd0b,3f44d749cd0b.png,0,0,train
3f49f8d100e9,3f49f8d100e9.png,3,1,train
3f5b4c2948e8,3f5b4c2948e8.png,2,1,train
3f6bccf21ce8,3f6bccf21ce8.png,0,0,train
3f6c627e2ff2,3f6c627e2ff2.png,0,0,train
3f82631e9080,3f82631e9080.png,0,0,train
3f8d5c940ba4,3f8d5c940ba4.png,2,1,train
3f98be586fe3,3f98be586fe3.png,0,0,train
3fc219927a97,3fc219927a97.png,2,1,train
3fd45879afe6,3fd45879afe6.png,0,0,train
3fe282197c1c,3fe282197c1c.png,0,0,train
40140a925c43,40140a925c43.png,2,1,train
401fdfd0db07,401fdfd0db07.png,0,0,train
4036471a1bb7,4036471a1bb7.png,0,0,train
404ede327e98,404ede327e98.png,0,0,train
40527a5e95dd,40527a5e95dd.png,2,1,train
405b4f78658f,405b4f78658f.png,3,1,train
408ea9d5e082,408ea9d5e082.png,4,1,train
40c24aded50c,40c24aded50c.png,0,0,train
40dd4e6e4444,40dd4e6e4444.png,0,0,train
40e9b5630438,40e9b5630438.png,1,1,train
4134b290f5f3,4134b290f5f3.png,0,0,train
4145dcb25053,4145dcb25053.png,0,0,train
4158c340fa49,4158c340fa49.png,0,0,train
415d5c5e785f,415d5c5e785f.png,0,0,train
415f2d2bd2a1,415f2d2bd2a1.png,0,0,train
417f408ee8e0,417f408ee8e0.png,2,1,train
419406328dcd,419406328dcd.png,2,1,train
41960d5f58c2,41960d5f58c2.png,0,0,train
41ab357d103f,41ab357d103f.png,0,0,train
4205e9deb058,4205e9deb058.png,0,0,train
423abbaa5fad,423abbaa5fad.png,2,1,train
4246ed634f25,4246ed634f25.png,2,1,train
4276b82e4489,4276b82e4489.png,0,0,train
4289af3afbd2,4289af3afbd2.png,2,1,train
42985aa2e32f,42985aa2e32f.png,0,0,train
42a67337fa8e,42a67337fa8e.png,2,1,train
42af7282349b,42af7282349b.png,0,0,train
42b08dca9b2f,42b08dca9b2f.png,2,1,train
42b9c1977681,42b9c1977681.png,0,0,train
4360a112db10,4360a112db10.png,3,1,train
436e7a7af761,436e7a7af761.png,0,0,train
43823561c3f0,43823561c3f0.png,0,0,train
4384fa687afa,4384fa687afa.png,2,1,train
4393c5bc576a,4393c5bc576a.png,1,1,train
43bc7c066dfb,43bc7c066dfb.png,0,0,train
43ddd0ab0cc4,43ddd0ab0cc4.png,2,1,train
43e9c66eb0f3,43e9c66eb0f3.png,0,0,train
43f22d1be8dd,43f22d1be8dd.png,0,0,train
43fb6eda9b97,43fb6eda9b97.png,2,1,train
4409965eb2a4,4409965eb2a4.png,0,0,train
441117562359,441117562359.png,2,1,train
441848e0f308,441848e0f308.png,0,0,train
445a8a6da55c,445a8a6da55c.png,0,0,train
4462fba1d2a1,4462fba1d2a1.png,4,1,train
4464bb62bf20,4464bb62bf20.png,0,0,train
4478b870e549,4478b870e549.png,2,1,train
44855f666225,44855f666225.png,2,1,train
4489d421e5aa,4489d421e5aa.png,2,1,train
44976c3b11a6,44976c3b11a6.png,0,0,train
44a4d04162cc,44a4d04162cc.png,0,0,train
44a86263117b,44a86263117b.png,0,0,train
44c869174e3a,44c869174e3a.png,2,1,train
44e951e45dca,44e951e45dca.png,2,1,train
44f4ae58990e,44f4ae58990e.png,2,1,train
4528fbbd43a3,4528fbbd43a3.png,0,0,train
453a1e2754b2,453a1e2754b2.png,2,1,train
453d553b0a94,453d553b0a94.png,2,1,train
454792eb6e05,454792eb6e05.png,0,0,train
454a944eb557,454a944eb557.png,0,0,train
4554062fa836,4554062fa836.png,0,0,train
45693d027798,45693d027798.png,0,0,train
457c7c927e27,457c7c927e27.png,3,1,train
45ae04cfde5d,45ae04cfde5d.png,2,1,train
45e4b7eada54,45e4b7eada54.png,1,1,train
460893cd86e3,460893cd86e3.png,2,1,train
462937ece243,462937ece243.png,0,0,train
465c618f7b23,465c618f7b23.png,2,1,train
4661006f3ba6,4661006f3ba6.png,1,1,train
467b7d9d811c,467b7d9d811c.png,2,1,train
4689b739d240,4689b739d240.png,4,1,train
46acc506fa61,46acc506fa61.png,0,0,train
46c1548d730e,46c1548d730e.png,2,1,train
46d3316c4857,46d3316c4857.png,4,1,train
46f56c38051f,46f56c38051f.png,2,1,train
4704dbb59536,4704dbb59536.png,0,0,train
4731e708ede3,4731e708ede3.png,0,0,train
475300735b7f,475300735b7f.png,0,0,train
47536db39f00,47536db39f00.png,0,0,train
475c7ded0f7a,475c7ded0f7a.png,2,1,train
478fc46eaa49,478fc46eaa49.png,0,0,train
47b756014447,47b756014447.png,2,1,train
47d1603a555b,47d1603a555b.png,1,1,train
4818672273af,4818672273af.png,2,1,train
482088e6be44,482088e6be44.png,0,0,train
4826d10030b3,4826d10030b3.png,0,0,train
484dbeb9bf2a,484dbeb9bf2a.png,0,0,train
48543037d0b3,48543037d0b3.png,2,1,train
4860f7813654,4860f7813654.png,0,0,train
486e852a3b4d,486e852a3b4d.png,0,0,train
48a45619d1a3,48a45619d1a3.png,0,0,train
48afe8c47454,48afe8c47454.png,2,1,train
48c49f662f7d,48c49f662f7d.png,2,1,train
48c72dec46e5,48c72dec46e5.png,2,1,train
48fda42bd5d4,48fda42bd5d4.png,2,1,train
4927945ecfed,4927945ecfed.png,0,0,train
49386d603494,49386d603494.png,1,1,train
493d99f030e2,493d99f030e2.png,0,0,train
49419f8d5cb4,49419f8d5cb4.png,2,1,train
494fc9c745a3,494fc9c745a3.png,1,1,train
495106ae3b68,495106ae3b68.png,0,0,train
4958bfcc9f38,4958bfcc9f38.png,0,0,train
496155f71d0a,496155f71d0a.png,0,0,train
4982378d72f9,4982378d72f9.png,0,0,train
498f143c0374,498f143c0374.png,3,1,train
499c8df39222,499c8df39222.png,4,1,train
49a4765f8822,49a4765f8822.png,2,1,train
49c5e7f6b8d2,49c5e7f6b8d2.png,1,1,train
49d69c4c6290,49d69c4c6290.png,2,1,train
49e4b95ee2dc,49e4b95ee2dc.png,0,0,train
49eb73968c44,49eb73968c44.png,0,0,train
4a05f81b3aba,4a05f81b3aba.png,0,0,train
4a0890b08532,4a0890b08532.png,2,1,train
4a0bba3b7d83,4a0bba3b7d83.png,2,1,train
4a1afe4044f4,4a1afe4044f4.png,0,0,train
4a213b405ee4,4a213b405ee4.png,1,1,train
4a3da369b227,4a3da369b227.png,4,1,train
4a44cc840ebe,4a44cc840ebe.png,2,1,train
4a558a1cd243,4a558a1cd243.png,2,1,train
4a589edaea60,4a589edaea60.png,0,0,train
4a5a6efc0bef,4a5a6efc0bef.png,0,0,train
4a693dd3921a,4a693dd3921a.png,4,1,train
4a96c28f3f07,4a96c28f3f07.png,0,0,train
4aa3d771c5e4,4aa3d771c5e4.png,0,0,train
4ab8c0cece7f,4ab8c0cece7f.png,0,0,train
4abca30b676b,4abca30b676b.png,4,1,train
4ad6109706e8,4ad6109706e8.png,2,1,train
4b1001050f1d,4b1001050f1d.png,2,1,train
4b422b48d0d4,4b422b48d0d4.png,2,1,train
4b5ffea77373,4b5ffea77373.png,2,1,train
4bcee3cbe232,4bcee3cbe232.png,0,0,train
4bd5d0b30198,4bd5d0b30198.png,0,0,train
4beeca5cc859,4beeca5cc859.png,0,0,train
4c129470cec4,4c129470cec4.png,1,1,train
4c17e85686f0,4c17e85686f0.png,0,0,train
4c3c1ed09771,4c3c1ed09771.png,1,1,train
4c52922f3bfd,4c52922f3bfd.png,2,1,train
4c53cc97ea13,4c53cc97ea13.png,0,0,train
4c570172778b,4c570172778b.png,3,1,train
4c5ab774a381,4c5ab774a381.png,0,0,train
4c60b10a3a6a,4c60b10a3a6a.png,3,1,train
4c6c5a1bf5ab,4c6c5a1bf5ab.png,0,0,train
4c78d9d18da9,4c78d9d18da9.png,2,1,train
4c9f0fdaaef7,4c9f0fdaaef7.png,3,1,train
4cae247d9909,4cae247d9909.png,1,1,train
4ccee4db09b6,4ccee4db09b6.png,0,0,train
4cddfc22b0ad,4cddfc22b0ad.png,0,0,train
4cde86044ad1,4cde86044ad1.png,0,0,train
4ce74e5eb51d,4ce74e5eb51d.png,2,1,train
4cfd22ae43d4,4cfd22ae43d4.png,0,0,train
4d009cebabc9,4d009cebabc9.png,2,1,train
4d167ca69ea8,4d167ca69ea8.png,0,0,train
4d17559ac1e2,4d17559ac1e2.png,0,0,train
4d1cf360b2d7,4d1cf360b2d7.png,2,1,train
4d1e7def7624,4d1e7def7624.png,0,0,train
4d21ce39c905,4d21ce39c905.png,2,1,train
4d7d6928534a,4d7d6928534a.png,1,1,train
4da6e2089d57,4da6e2089d57.png,2,1,train
4dc2211a1c31,4dc2211a1c31.png,4,1,train
4dd7b322f342,4dd7b322f342.png,0,0,train
4dd9d29eae5d,4dd9d29eae5d.png,1,1,train
4df6a81b476e,4df6a81b476e.png,3,1,train
4e0656629d02,4e0656629d02.png,1,1,train
4e1e252317b5,4e1e252317b5.png,0,0,train
4e231670b48c,4e231670b48c.png,0,0,train
4e43d05cc2ef,4e43d05cc2ef.png,2,1,train
4e54ccfd49b2,4e54ccfd49b2.png,0,0,train
4e6071b73120,4e6071b73120.png,1,1,train
4e82c3c8d31f,4e82c3c8d31f.png,1,1,train
4e8585a96739,4e8585a96739.png,0,0,train
4eabad7948cf,4eabad7948cf.png,0,0,train
4eaf2f81819d,4eaf2f81819d.png,0,0,train
4ec7796df40e,4ec7796df40e.png,0,0,train
4ecd1fdd1435,4ecd1fdd1435.png,1,1,train
4ee1ad981a6d,4ee1ad981a6d.png,2,1,train
4ef0b485a7da,4ef0b485a7da.png,2,1,train
4ef7144e24ff,4ef7144e24ff.png,1,1,train
4f0866b90c27,4f0866b90c27.png,3,1,train
4f20f9a9a65b,4f20f9a9a65b.png,2,1,train
4f46d7ee61ed,4f46d7ee61ed.png,2,1,train
4f5dd7660b17,4f5dd7660b17.png,0,0,train
4f60129e9a5b,4f60129e9a5b.png,2,1,train
4f6abc40c72d,4f6abc40c72d.png,0,0,train
4f7755e74a9e,4f7755e74a9e.png,1,1,train
4fa26d065ad3,4fa26d065ad3.png,1,1,train
4faf4063db8c,4faf4063db8c.png,0,0,train
4fef9ed8a4c5,4fef9ed8a4c5.png,3,1,train
500aad15b7c8,500aad15b7c8.png,0,0,train
501c319f7a9f,501c319f7a9f.png,0,0,train
504a69096fcb,504a69096fcb.png,0,0,train
5078caaf1f57,5078caaf1f57.png,0,0,train
50840c36f0b4,50840c36f0b4.png,1,1,train
5090917a2676,5090917a2676.png,1,1,train
50915e2329a1,50915e2329a1.png,0,0,train
50916d67bb51,50916d67bb51.png,0,0,train
50d8249f7bc9,50d8249f7bc9.png,0,0,train
50d8a8fb7737,50d8a8fb7737.png,2,1,train
51030843fde2,51030843fde2.png,2,1,train
510aa0a898fa,510aa0a898fa.png,2,1,train
51269b77d312,51269b77d312.png,3,1,train
513b0a4651fa,513b0a4651fa.png,1,1,train
51405d042000,51405d042000.png,2,1,train
5152bf091152,5152bf091152.png,2,1,train
5173d54fc214,5173d54fc214.png,2,1,train
518e880613de,518e880613de.png,4,1,train
519c6e8f78dc,519c6e8f78dc.png,0,0,train
51a078d6d43a,51a078d6d43a.png,0,0,train
51a1d162e223,51a1d162e223.png,4,1,train
51aa3361294c,51aa3361294c.png,0,0,train
51af8c112682,51af8c112682.png,4,1,train
51d780864365,51d780864365.png,2,1,train
51da6aebba8f,51da6aebba8f.png,3,1,train
52230bbef30e,52230bbef30e.png,2,1,train
523b3f0fc646,523b3f0fc646.png,1,1,train
523ff163211b,523ff163211b.png,2,1,train
524f240e0c90,524f240e0c90.png,2,1,train
525d0dd8dc45,525d0dd8dc45.png,0,0,train
5264a54e1830,5264a54e1830.png,0,0,train
527bea76116c,527bea76116c.png,2,1,train
52886bed8a07,52886bed8a07.png,2,1,train
529906ff9dfa,529906ff9dfa.png,0,0,train
5299a532f0e0,5299a532f0e0.png,0,0,train
52ae917fcea4,52ae917fcea4.png,1,1,train
52ddde91a349,52ddde91a349.png,0,0,train
530d78467615,530d78467615.png,2,1,train
531b39880c32,531b39880c32.png,1,1,train
53273d664cd8,53273d664cd8.png,0,0,train
53327edb9e4d,53327edb9e4d.png,0,0,train
53704c80f0d8,53704c80f0d8.png,1,1,train
537e50fdf22e,537e50fdf22e.png,3,1,train
53c874dbc594,53c874dbc594.png,0,0,train
54038e56131d,54038e56131d.png,0,0,train
540e4973829e,540e4973829e.png,0,0,train
542964865b1e,542964865b1e.png,0,0,train
54334705a34d,54334705a34d.png,0,0,train
5445255635f0,5445255635f0.png,0,0,train
545df1bbcd61,545df1bbcd61.png,1,1,train
547b37da9223,547b37da9223.png,2,1,train
5486da4273d7,5486da4273d7.png,2,1,train
549381330191,549381330191.png,0,0,train
54bbe3da103e,54bbe3da103e.png,2,1,train
54bdcdecd8f3,54bdcdecd8f3.png,0,0,train
54dc6e8107cd,54dc6e8107cd.png,2,1,train
54f57cf26126,54f57cf26126.png,0,0,train
55092c0071eb,55092c0071eb.png,2,1,train
5548a7961a3e,5548a7961a3e.png,1,1,train
555d0bef3c5b,555d0bef3c5b.png,0,0,train
55968f0e63c4,55968f0e63c4.png,0,0,train
55eb405ec71e,55eb405ec71e.png,4,1,train
55f7f018c61c,55f7f018c61c.png,0,0,train
55fd453001cc,55fd453001cc.png,2,1,train
5633ced07d8e,5633ced07d8e.png,1,1,train
565f3404f9b2,565f3404f9b2.png,0,0,train
568455854a11,568455854a11.png,0,0,train
56e56aa08362,56e56aa08362.png,2,1,train
5712e2aa73a2,5712e2aa73a2.png,1,1,train
571bbdbf585e,571bbdbf585e.png,0,0,train
5723d0ec895e,5723d0ec895e.png,2,1,train
573ea80a53be,573ea80a53be.png,0,0,train
57469423a012,57469423a012.png,2,1,train
576e189d23d4,576e189d23d4.png,4,1,train
5777ef74c9ec,5777ef74c9ec.png,1,1,train
57a5e4274275,57a5e4274275.png,0,0,train
57a5f1015504,57a5f1015504.png,2,1,train
57a710de68a4,57a710de68a4.png,0,0,train
57ce57a8cfb0,57ce57a8cfb0.png,2,1,train
57db4781e7ec,57db4781e7ec.png,0,0,train
57f933d3d7c7,57f933d3d7c7.png,2,1,train
58059e73d2d4,58059e73d2d4.png,0,0,train
5814cbd2e9bf,5814cbd2e9bf.png,0,0,train
58184d6fd087,58184d6fd087.png,1,1,train
582115961a3d,582115961a3d.png,1,1,train
582f739b8f62,582f739b8f62.png,2,1,train
58529a8638d0,58529a8638d0.png,2,1,train
586f5c56081e,586f5c56081e.png,0,0,train
587146a55885,587146a55885.png,1,1,train
5889a0c75cac,5889a0c75cac.png,0,0,train
58a9e0d7f7af,58a9e0d7f7af.png,0,0,train
58af2c054ced,58af2c054ced.png,0,0,train
58b866484a05,58b866484a05.png,4,1,train
58ccba7eec9c,58ccba7eec9c.png,1,1,train
58f07741ee3b,58f07741ee3b.png,0,0,train
5905a9b06a73,5905a9b06a73.png,2,1,train
59928f999ae7,59928f999ae7.png,0,0,train
599498e9e4bc,599498e9e4bc.png,0,0,train
599b89048034,599b89048034.png,2,1,train
59e5212f7139,59e5212f7139.png,1,1,train
59f3f70abddd,59f3f70abddd.png,2,1,train
59fee5bc3479,59fee5bc3479.png,4,1,train
5a091e8cd95c,5a091e8cd95c.png,1,1,train
5a179c123fd8,5a179c123fd8.png,0,0,train
5a27b9b2a9c1,5a27b9b2a9c1.png,0,0,train
5a2c27b95c7c,5a2c27b95c7c.png,2,1,train
5a444c32cd9a,5a444c32cd9a.png,0,0,train
5a5d3798c357,5a5d3798c357.png,2,1,train
5a93c0f783c4,5a93c0f783c4.png,0,0,train
5ac7a414560e,5ac7a414560e.png,0,0,train
5b068765e846,5b068765e846.png,1,1,train
5b0e53f53ef3,5b0e53f53ef3.png,1,1,train
5b2648ad455e,5b2648ad455e.png,0,0,train
5b301a6d1ac7,5b301a6d1ac7.png,2,1,train
5b32ece9c627,5b32ece9c627.png,0,0,train
5b3d41626ec5,5b3d41626ec5.png,0,0,train
5b3e7197ac1c,5b3e7197ac1c.png,3,1,train
5b5b80a3edee,5b5b80a3edee.png,4,1,train
5b644a403e1f,5b644a403e1f.png,2,1,train
5b72ff04333d,5b72ff04333d.png,1,1,train
5b76117c4bcb,5b76117c4bcb.png,4,1,train
5b804948e35f,5b804948e35f.png,1,1,train
5b994ff78547,5b994ff78547.png,0,0,train
5ba156a35ff2,5ba156a35ff2.png,0,0,train
5baed382f062,5baed382f062.png,0,0,train
5bda2ed09e62,5bda2ed09e62.png,4,1,train
5bea250d8bf5,5bea250d8bf5.png,0,0,train
5c817060c0ed,5c817060c0ed.png,0,0,train
5c8482926a08,5c8482926a08.png,2,1,train
5c85d22bd0de,5c85d22bd0de.png,0,0,train
5ca73d28f17f,5ca73d28f17f.png,0,0,train
5ca779ace6e7,5ca779ace6e7.png,0,0,train
5cab3ef4b31c,5cab3ef4b31c.png,1,1,train
5cbe88914a72,5cbe88914a72.png,0,0,train
5cc6dea19614,5cc6dea19614.png,2,1,train
5d3c8c1f57da,5d3c8c1f57da.png,0,0,train
5d4e5fd34d91,5d4e5fd34d91.png,0,0,train
5d6239c0fd39,5d6239c0fd39.png,0,0,train
5d74f98d62be,5d74f98d62be.png,4,1,train
5db2e3a4594a,5db2e3a4594a.png,0,0,train
5db895d3f1fc,5db895d3f1fc.png,0,0,train
5dc23e440de3,5dc23e440de3.png,2,1,train
5de4615a5161,5de4615a5161.png,0,0,train
5e18af29d812,5e18af29d812.png,2,1,train
5e52c9fe676f,5e52c9fe676f.png,2,1,train
5e7630f8438e,5e7630f8438e.png,2,1,train
5e7cc6ab4ac4,5e7cc6ab4ac4.png,2,1,train
5e97cb2b0888,5e97cb2b0888.png,0,0,train
5ea9e447bb62,5ea9e447bb62.png,0,0,train
5ead17e894ae,5ead17e894ae.png,0,0,train
5eb311bcb5f9,5eb311bcb5f9.png,2,1,train
5ed6dc419e4d,5ed6dc419e4d.png,2,1,train
5f13e8a07344,5f13e8a07344.png,3,1,train
5f4a8c074bd5,5f4a8c074bd5.png,0,0,train
5f6db235c04d,5f6db235c04d.png,0,0,train
5fcff7280019,5fcff7280019.png,0,0,train
6028a575dc27,6028a575dc27.png,1,1,train
6061f5b7378d,6061f5b7378d.png,3,1,train
606daaf0bfc7,606daaf0bfc7.png,0,0,train
6089fa333013,6089fa333013.png,3,1,train
609be3ca5ddf,609be3ca5ddf.png,0,0,train
60aa4e649abf,60aa4e649abf.png,0,0,train
60e269e3e188,60e269e3e188.png,2,1,train
60eeae3ba23d,60eeae3ba23d.png,2,1,train
60f15dd68d30,60f15dd68d30.png,4,1,train
6110ecb3bb1c,6110ecb3bb1c.png,0,0,train
612f2df37a1d,612f2df37a1d.png,4,1,train
613028ede6a0,613028ede6a0.png,4,1,train
613bacb35c05,613bacb35c05.png,1,1,train
6155cf375354,6155cf375354.png,0,0,train
6165081b9021,6165081b9021.png,1,1,train
6180920bc224,6180920bc224.png,0,0,train
6181aa9f75f4,6181aa9f75f4.png,3,1,train
6194e0fff071,6194e0fff071.png,4,1,train
61a62b1dcc36,61a62b1dcc36.png,0,0,train
61ac9b0dc6b9,61ac9b0dc6b9.png,2,1,train
61bbc11fe503,61bbc11fe503.png,4,1,train
61bbe8db6f3a,61bbe8db6f3a.png,1,1,train
61c2fbd16e38,61c2fbd16e38.png,2,1,train
61d9c88a3a4b,61d9c88a3a4b.png,0,0,train
61da799bf0aa,61da799bf0aa.png,0,0,train
61f403fdb434,61f403fdb434.png,4,1,train
62318d514160,62318d514160.png,4,1,train
624fb7317106,624fb7317106.png,2,1,train
6253f23229b1,6253f23229b1.png,3,1,train
628b581aa905,628b581aa905.png,0,0,train
6294b378d09f,6294b378d09f.png,0,0,train
62ab144d5cee,62ab144d5cee.png,2,1,train
62b4be2799ca,62b4be2799ca.png,0,0,train
62b826899151,62b826899151.png,0,0,train
62cc7ddb53b6,62cc7ddb53b6.png,2,1,train
62ecdc90dd42,62ecdc90dd42.png,2,1,train
63363410389a,63363410389a.png,1,1,train
6377e23928f6,6377e23928f6.png,1,1,train
639915f58a2f,639915f58a2f.png,0,0,train
63b4d030b016,63b4d030b016.png,4,1,train
63b71347e95d,63b71347e95d.png,0,0,train
63c0eafd6aa9,63c0eafd6aa9.png,0,0,train
63e041a757eb,63e041a757eb.png,0,0,train
64678182d8a8,64678182d8a8.png,1,1,train
64a13949e879,64a13949e879.png,2,1,train
64b9206afb3f,64b9206afb3f.png,0,0,train
64bad93fde3f,64bad93fde3f.png,4,1,train
64fedbf97473,64fedbf97473.png,4,1,train
650104ede84c,650104ede84c.png,0,0,train
6504b703c429,6504b703c429.png,0,0,train
650fbed3fdca,650fbed3fdca.png,2,1,train
6531070bf03c,6531070bf03c.png,2,1,train
655cafb4c932,655cafb4c932.png,1,1,train
658ad9f09f5d,658ad9f09f5d.png,0,0,train
65dda202653d,65dda202653d.png,0,0,train
65e120143825,65e120143825.png,4,1,train
65e51e18242b,65e51e18242b.png,1,1,train
65e530ee2e79,65e530ee2e79.png,2,1,train
65f5d2a6eb7e,65f5d2a6eb7e.png,0,0,train
65f69234c8a7,65f69234c8a7.png,0,0,train
6630f8675a97,6630f8675a97.png,4,1,train
66366a90d1ef,66366a90d1ef.png,0,0,train
66375b3c64db,66375b3c64db.png,4,1,train
66393d8c60ba,66393d8c60ba.png,0,0,train
663a923d5398,663a923d5398.png,2,1,train
66460ecab347,66460ecab347.png,0,0,train
664b1f9a2087,664b1f9a2087.png,4,1,train
6653ad026901,6653ad026901.png,0,0,train
6666c4f18396,6666c4f18396.png,2,1,train
668a319c2d23,668a319c2d23.png,0,0,train
668e853258cd,668e853258cd.png,2,1,train
66a0bf258013,66a0bf258013.png,4,1,train
66b88a4bc474,66b88a4bc474.png,0,0,train
66bae1ba227f,66bae1ba227f.png,2,1,train
66cd9c28e636,66cd9c28e636.png,1,1,train
6733544ae7a6,6733544ae7a6.png,2,1,train
677f087cd697,677f087cd697.png,1,1,train
67844c46bc61,67844c46bc61.png,2,1,train
67c03349bb31,67c03349bb31.png,2,1,train
67d8f94f04e0,67d8f94f04e0.png,0,0,train
67ed8cc78b97,67ed8cc78b97.png,0,0,train
67f5d89da548,67f5d89da548.png,1,1,train
6810410187a0,6810410187a0.png,2,1,train
681c3c115684,681c3c115684.png,2,1,train
683023cda6a5,683023cda6a5.png,0,0,train
684dd88a0d49,684dd88a0d49.png,0,0,train
6852f4531591,6852f4531591.png,0,0,train
6889bc64ab09,6889bc64ab09.png,2,1,train
68987fb159ab,68987fb159ab.png,0,0,train
68ddb15a74de,68ddb15a74de.png,0,0,train
691eeb59b4cb,691eeb59b4cb.png,0,0,train
692e946b1f85,692e946b1f85.png,0,0,train
69591ebb198d,69591ebb198d.png,2,1,train
6987804eb464,6987804eb464.png,2,1,train
698d6e422a80,698d6e422a80.png,2,1,train
69c4cbb630de,69c4cbb630de.png,0,0,train
69df7ade0575,69df7ade0575.png,2,1,train
69f43381317b,69f43381317b.png,0,0,train
69fff98cb32a,69fff98cb32a.png,4,1,train
6a244e855d0e,6a244e855d0e.png,3,1,train
6a2642131e4a,6a2642131e4a.png,0,0,train
6a57a3db3eff,6a57a3db3eff.png,0,0,train
6a905a7202d2,6a905a7202d2.png,0,0,train
6af071b0ac6e,6af071b0ac6e.png,0,0,train
6b00cb764237,6b00cb764237.png,1,1,train
6b128e648646,6b128e648646.png,3,1,train
6b3860e8f64f,6b3860e8f64f.png,0,0,train
6b664ed2a938,6b664ed2a938.png,0,0,train
6b66b0e86f7e,6b66b0e86f7e.png,0,0,train
6b869f37cdf3,6b869f37cdf3.png,2,1,train
6b91e99c9408,6b91e99c9408.png,0,0,train
6ba5ed791444,6ba5ed791444.png,2,1,train
6baafa56895c,6baafa56895c.png,3,1,train
6bcce181be65,6bcce181be65.png,0,0,train
6bf26b777e3a,6bf26b777e3a.png,0,0,train
6bf2a81a5d91,6bf2a81a5d91.png,0,0,train
6c250a30593b,6c250a30593b.png,4,1,train
6c2555a9cae4,6c2555a9cae4.png,2,1,train
6c30dd481717,6c30dd481717.png,0,0,train
6c315ad3d07f,6c315ad3d07f.png,2,1,train
6c3589d7ed8d,6c3589d7ed8d.png,0,0,train
6c3745a222da,6c3745a222da.png,4,1,train
6c6505a0c637,6c6505a0c637.png,0,0,train
6cb96a6fb029,6cb96a6fb029.png,0,0,train
6cbc3dad809c,6cbc3dad809c.png,2,1,train
6ccfdb031184,6ccfdb031184.png,0,0,train
6cdd0f985270,6cdd0f985270.png,1,1,train
6cee2e148520,6cee2e148520.png,0,0,train
6cfb7b44ef6f,6cfb7b44ef6f.png,4,1,train
6cffc6c6851a,6cffc6c6851a.png,0,0,train
6d0c0531083f,6d0c0531083f.png,3,1,train
6d10709053ae,6d10709053ae.png,0,0,train
6d292ca4c9ad,6d292ca4c9ad.png,1,1,train
6d3d1fe6c32a,6d3d1fe6c32a.png,2,1,train
6d454444f17c,6d454444f17c.png,2,1,train
6d6fcf49e515,6d6fcf49e515.png,0,0,train
6d7d26025122,6d7d26025122.png,4,1,train
6d9effbcde78,6d9effbcde78.png,0,0,train
6daef3e5ca22,6daef3e5ca22.png,4,1,train
6dc07f968794,6dc07f968794.png,0,0,train
6dcde47060f9,6dcde47060f9.png,2,1,train
6de39b94f634,6de39b94f634.png,0,0,train
6df8b7b6e837,6df8b7b6e837.png,0,0,train
6dfd80748e72,6dfd80748e72.png,2,1,train
6e092b306fe1,6e092b306fe1.png,2,1,train
6e0f78e188ff,6e0f78e188ff.png,0,0,train
6e1db8711879,6e1db8711879.png,0,0,train
6e3526053de0,6e3526053de0.png,0,0,train
6e68e742f5bc,6e68e742f5bc.png,2,1,train
6e861bc3bd7b,6e861bc3bd7b.png,0,0,train
6ea07d19b4ce,6ea07d19b4ce.png,1,1,train
6efa36d59ada,6efa36d59ada.png,3,1,train
6f0463c1ff18,6f0463c1ff18.png,2,1,train
6f3b62e5b7f5,6f3b62e5b7f5.png,0,0,train
6f460f9968c7,6f460f9968c7.png,0,0,train
6f4719c6bb4b,6f4719c6bb4b.png,4,1,train
6f4e0538d1e4,6f4e0538d1e4.png,2,1,train
6f923b60934b,6f923b60934b.png,4,1,train
6fb656d506b2,6fb656d506b2.png,3,1,train
6fbaaf8eb67a,6fbaaf8eb67a.png,0,0,train
6fe4751a3b42,6fe4751a3b42.png,0,0,train
6fe67482bfae,6fe67482bfae.png,4,1,train
6fe67fd7f5d1,6fe67fd7f5d1.png,0,0,train
7005be54cab1,7005be54cab1.png,1,1,train
70d657f8f503,70d657f8f503.png,4,1,train
70ed3ec68b94,70ed3ec68b94.png,2,1,train
70f5caf5f305,70f5caf5f305.png,2,1,train
710b05a96e0f,710b05a96e0f.png,4,1,train
7116128c65ab,7116128c65ab.png,1,1,train
7179f85bfd6f,7179f85bfd6f.png,0,0,train
71a39c660432,71a39c660432.png,3,1,train
71c1a3cdbe47,71c1a3cdbe47.png,1,1,train
71c22da3d6c6,71c22da3d6c6.png,0,0,train
71e43b4f8ba6,71e43b4f8ba6.png,0,0,train
720b5f62ce80,720b5f62ce80.png,0,0,train
7247a2c97f71,7247a2c97f71.png,2,1,train
72595230840c,72595230840c.png,3,1,train
72606afaf3da,72606afaf3da.png,0,0,train
726dff37edc0,726dff37edc0.png,0,0,train
7270367410a1,7270367410a1.png,4,1,train
72a867980067,72a867980067.png,0,0,train
72c31aa48e2c,72c31aa48e2c.png,0,0,train
72d98188648f,72d98188648f.png,4,1,train
731b19a460ad,731b19a460ad.png,2,1,train
7335a2d43ada,7335a2d43ada.png,1,1,train
7347bd23ba80,7347bd23ba80.png,0,0,train
7347f5133a6a,7347f5133a6a.png,1,1,train
737ef6226677,737ef6226677.png,0,0,train
73881f55a3ec,73881f55a3ec.png,1,1,train
73ba798fee25,73ba798fee25.png,0,0,train
73e83a07a16d,73e83a07a16d.png,2,1,train
73ef3c3dcbe4,73ef3c3dcbe4.png,0,0,train
74211a2b6dcf,74211a2b6dcf.png,0,0,train
7427dedafccf,7427dedafccf.png,1,1,train
74418f620068,74418f620068.png,2,1,train
7455e2b5fc57,7455e2b5fc57.png,2,1,train
74898f372d2b,74898f372d2b.png,0,0,train
74eee788edee,74eee788edee.png,3,1,train
75238d945315,75238d945315.png,0,0,train
7525ebb3434d,7525ebb3434d.png,3,1,train
7526cf435753,7526cf435753.png,0,0,train
75369248dba0,75369248dba0.png,0,0,train
753b14c27c83,753b14c27c83.png,4,1,train
7550966ef777,7550966ef777.png,2,1,train
757572337fd0,757572337fd0.png,2,1,train
75a4343b12f9,75a4343b12f9.png,0,0,train
75a7bc945b7d,75a7bc945b7d.png,2,1,train
75c180e04f65,75c180e04f65.png,0,0,train
76095c338728,76095c338728.png,0,0,train
760b6f4c6d82,760b6f4c6d82.png,2,1,train
7635921c5efb,7635921c5efb.png,0,0,train
763ad1236efe,763ad1236efe.png,0,0,train
76516f828d88,76516f828d88.png,0,0,train
7663aba8d762,7663aba8d762.png,2,1,train
767d777ee889,767d777ee889.png,0,0,train
76b950c6ed5e,76b950c6ed5e.png,0,0,train
76bc31e0d3be,76bc31e0d3be.png,0,0,train
76c0c7e1b6cb,76c0c7e1b6cb.png,2,1,train
76cab26493f1,76cab26493f1.png,0,0,train
76df141d966b,76df141d966b.png,0,0,train
76e589911303,76e589911303.png,1,1,train
76e5b50f95a7,76e5b50f95a7.png,0,0,train
76e6a9238570,76e6a9238570.png,2,1,train
76f3473df8a6,76f3473df8a6.png,0,0,train
76fe19ff64fb,76fe19ff64fb.png,2,1,train
772af553b8b7,772af553b8b7.png,3,1,train
77a9538b8362,77a9538b8362.png,1,1,train
77b7b71ebcc3,77b7b71ebcc3.png,0,0,train
77baa08a1345,77baa08a1345.png,2,1,train
77e15f213b04,77e15f213b04.png,0,0,train
77e7c7a160c8,77e7c7a160c8.png,2,1,train
77f69c7ff324,77f69c7ff324.png,2,1,train
780be525036d,780be525036d.png,0,0,train
780f9c237c56,780f9c237c56.png,0,0,train
784d6d302f98,784d6d302f98.png,0,0,train
7877be80901c,7877be80901c.png,2,1,train
788ddb0b70b7,788ddb0b70b7.png,3,1,train
789f0ec1eab8,789f0ec1eab8.png,0,0,train
78a577c3e0bf,78a577c3e0bf.png,2,1,train
78bcdffb8785,78bcdffb8785.png,1,1,train
79059d0592c4,79059d0592c4.png,2,1,train
799cb4c816ae,799cb4c816ae.png,2,1,train
79ade634c633,79ade634c633.png,0,0,train
79be2ff796bf,79be2ff796bf.png,2,1,train
79cbae28d8b2,79cbae28d8b2.png,0,0,train
79ce83c07588,79ce83c07588.png,1,1,train
79d44db3da2d,79d44db3da2d.png,4,1,train
7a0cff4c24b2,7a0cff4c24b2.png,2,1,train
7a12f49e29df,7a12f49e29df.png,0,0,train
7a238a1d3cf3,7a238a1d3cf3.png,4,1,train
7a39c91416e2,7a39c91416e2.png,0,0,train
7a3ea1779b13,7a3ea1779b13.png,1,1,train
7a42443ed106,7a42443ed106.png,0,0,train
7a6495a39d87,7a6495a39d87.png,0,0,train
7a6e384a0846,7a6e384a0846.png,3,1,train
7a77c3eb468c,7a77c3eb468c.png,0,0,train
7aabd768abff,7aabd768abff.png,0,0,train
7adfb8fc0621,7adfb8fc0621.png,0,0,train
7af4d8704032,7af4d8704032.png,0,0,train
7b20210d9120,7b20210d9120.png,1,1,train
7b211d8bd249,7b211d8bd249.png,4,1,train
7b29e3783919,7b29e3783919.png,3,1,train
7b691d9ced34,7b691d9ced34.png,0,0,train
7b87b0015282,7b87b0015282.png,0,0,train
7b8c78b41c0d,7b8c78b41c0d.png,2,1,train
7b9d519cbd66,7b9d519cbd66.png,0,0,train
7ba6b23c4b46,7ba6b23c4b46.png,0,0,train
7bc00e58d419,7bc00e58d419.png,0,0,train
7bc2e0fa3f72,7bc2e0fa3f72.png,2,1,train
7bda86d95c5b,7bda86d95c5b.png,2,1,train
7be1b9aa78aa,7be1b9aa78aa.png,0,0,train
7bf981d9c7fe,7bf981d9c7fe.png,1,1,train
7c2e852171c0,7c2e852171c0.png,0,0,train
7c2f820a6425,7c2f820a6425.png,2,1,train
7c3747c0b2c3,7c3747c0b2c3.png,0,0,train
7c629b491d1a,7c629b491d1a.png,4,1,train
7c6594b50690,7c6594b50690.png,0,0,train
7c90ab025331,7c90ab025331.png,4,1,train
7cc4b7aabe04,7cc4b7aabe04.png,4,1,train
7ccf9d25dc48,7ccf9d25dc48.png,0,0,train
7ce671f952be,7ce671f952be.png,0,0,train
7d11dbc1e738,7d11dbc1e738.png,0,0,train
7d1b40fdbd86,7d1b40fdbd86.png,2,1,train
7d1da90d3ca9,7d1da90d3ca9.png,2,1,train
7d261f986bef,7d261f986bef.png,2,1,train
7d3835e4e63a,7d3835e4e63a.png,3,1,train
7d48f8cdfb69,7d48f8cdfb69.png,0,0,train
7d626a7ffe76,7d626a7ffe76.png,4,1,train
7d8f67cadc29,7d8f67cadc29.png,2,1,train
7da558d92100,7da558d92100.png,0,0,train
7ddcfcea7369,7ddcfcea7369.png,0,0,train
7dee6bf8b9c1,7dee6bf8b9c1.png,2,1,train
7e0598cc88a0,7e0598cc88a0.png,4,1,train
7e4019ac7f5a,7e4019ac7f5a.png,4,1,train
7e5a76c4e103,7e5a76c4e103.png,0,0,train
7e6e90a93aa5,7e6e90a93aa5.png,2,1,train
7e70344b0c25,7e70344b0c25.png,0,0,train
7e9081e95bf6,7e9081e95bf6.png,0,0,train
7e9458de5707,7e9458de5707.png,2,1,train
7ec0e61a7e29,7ec0e61a7e29.png,0,0,train
7ec1ffe8220b,7ec1ffe8220b.png,2,1,train
7ed4128b2a4e,7ed4128b2a4e.png,0,0,train
7ee6de71c140,7ee6de71c140.png,0,0,train
7ef5ff774a48,7ef5ff774a48.png,1,1,train
7efc91af4ae6,7efc91af4ae6.png,4,1,train
7f0ffeb0a333,7f0ffeb0a333.png,0,0,train
7f1f3269f546,7f1f3269f546.png,0,0,train
7f2123bc89a3,7f2123bc89a3.png,0,0,train
7f2cce721e19,7f2cce721e19.png,0,0,train
7f39c36469b5,7f39c36469b5.png,0,0,train
7f43becd3e83,7f43becd3e83.png,0,0,train
7f6690fa390a,7f6690fa390a.png,0,0,train
8000a6b97a84,8000a6b97a84.png,2,1,train
8010c931321f,8010c931321f.png,0,0,train
803120c5d287,803120c5d287.png,2,1,train
807135cbc438,807135cbc438.png,2,1,train
80b5697f2a5e,80b5697f2a5e.png,0,0,train
80b5a9519aec,80b5a9519aec.png,2,1,train
80dbeb0fdc75,80dbeb0fdc75.png,0,0,train
80e7cc0a0649,80e7cc0a0649.png,3,1,train
80ed04a84a16,80ed04a84a16.png,0,0,train
80f6b30ece8c,80f6b30ece8c.png,0,0,train
80feb1f7ca5e,80feb1f7ca5e.png,2,1,train
810d3779abd9,810d3779abd9.png,3,1,train
8114d6a160df,8114d6a160df.png,1,1,train
81371b0c01ad,81371b0c01ad.png,0,0,train
81704925f759,81704925f759.png,0,0,train
8185ce1cdcef,8185ce1cdcef.png,0,0,train
8191ae701985,8191ae701985.png,0,0,train
81bc03e2ff2b,81bc03e2ff2b.png,2,1,train
81d79d53ed7b,81d79d53ed7b.png,0,0,train
8201cab8322d,8201cab8322d.png,3,1,train
82088c6734e6,82088c6734e6.png,0,0,train
821789e9053f,821789e9053f.png,1,1,train
82910bba4753,82910bba4753.png,2,1,train
82ac8463fadd,82ac8463fadd.png,1,1,train
82bb8a01935f,82bb8a01935f.png,4,1,train
82d364726a58,82d364726a58.png,0,0,train
82deb07a6618,82deb07a6618.png,2,1,train
82e5bc01f8a4,82e5bc01f8a4.png,0,0,train
82f2784ead76,82f2784ead76.png,2,1,train
83038ca49b6d,83038ca49b6d.png,0,0,train
830e297965a1,830e297965a1.png,0,0,train
8329e80c10ac,8329e80c10ac.png,0,0,train
83517eaeccb9,83517eaeccb9.png,0,0,train
838c87c63422,838c87c63422.png,4,1,train
83a63c4a3e4a,83a63c4a3e4a.png,0,0,train
83d6e40c869f,83d6e40c869f.png,2,1,train
83e529e95b0e,83e529e95b0e.png,1,1,train
83fda7c0500b,83fda7c0500b.png,0,0,train
840a06a9c690,840a06a9c690.png,0,0,train
8421107255ae,8421107255ae.png,2,1,train
8433a032b96c,8433a032b96c.png,0,0,train
8448af27ba07,8448af27ba07.png,0,0,train
848e66b9e199,848e66b9e199.png,0,0,train
849a91e9ab28,849a91e9ab28.png,1,1,train
84a72e15b23c,84a72e15b23c.png,1,1,train
84b472c49cfa,84b472c49cfa.png,0,0,train
84b4da14bc23,84b4da14bc23.png,0,0,train
84b88e8d3bca,84b88e8d3bca.png,0,0,train
84c663f39632,84c663f39632.png,4,1,train
84e8c62165b5,84e8c62165b5.png,2,1,train
851e40a21f81,851e40a21f81.png,0,0,train
8564b7aa3c1a,8564b7aa3c1a.png,0,0,train
857230f64a2e,857230f64a2e.png,4,1,train
85cbb84ac8e0,85cbb84ac8e0.png,4,1,train
85cc6d636898,85cc6d636898.png,2,1,train
85f99e7e4052,85f99e7e4052.png,0,0,train
86410aa13b3e,86410aa13b3e.png,0,0,train
8650d32f4a9e,8650d32f4a9e.png,0,0,train
86722fcd802c,86722fcd802c.png,2,1,train
8676427e4625,8676427e4625.png,1,1,train
8688f3d0fcaf,8688f3d0fcaf.png,3,1,train
8693ab1fd2be,8693ab1fd2be.png,0,0,train
869bbd3170cc,869bbd3170cc.png,2,1,train
86b3a7929bec,86b3a7929bec.png,2,1,train
86d58f850a0c,86d58f850a0c.png,0,0,train
86d6808f0609,86d6808f0609.png,3,1,train
86e7f98f73f1,86e7f98f73f1.png,2,1,train
86fbac86ed3e,86fbac86ed3e.png,2,1,train
8714d17bb6da,8714d17bb6da.png,1,1,train
873dcc0b468f,873dcc0b468f.png,4,1,train
874f8c1929f6,874f8c1929f6.png,0,0,train
875d2ffcbf47,875d2ffcbf47.png,0,0,train
876deb29f000,876deb29f000.png,0,0,train
876e1dd12d38,876e1dd12d38.png,2,1,train
8785b71238d8,8785b71238d8.png,4,1,train
878a3a097436,878a3a097436.png,2,1,train
878e356c8fc9,878e356c8fc9.png,0,0,train
879744b9dc65,879744b9dc65.png,2,1,train
87b671c6d4c5,87b671c6d4c5.png,0,0,train
883c6a184f16,883c6a184f16.png,0,0,train
883ddb650967,883ddb650967.png,0,0,train
885fa5fc5da8,885fa5fc5da8.png,0,0,train
8860c7b11530,8860c7b11530.png,2,1,train
8871e6a26596,8871e6a26596.png,2,1,train
887c26fc0e1f,887c26fc0e1f.png,4,1,train
88e4399d207c,88e4399d207c.png,0,0,train
891329021e12,891329021e12.png,0,0,train
891392c9683c,891392c9683c.png,2,1,train
8958a4d17b7e,8958a4d17b7e.png,3,1,train
895fe2bfc5b6,895fe2bfc5b6.png,0,0,train
896ad584a841,896ad584a841.png,0,0,train
89b044cbaf85,89b044cbaf85.png,2,1,train
89d2a7403a06,89d2a7403a06.png,2,1,train
89ed6a0dd53f,89ed6a0dd53f.png,1,1,train
89ee1fa16f90,89ee1fa16f90.png,2,1,train
89fc080f7e83,89fc080f7e83.png,2,1,train
8a01daa423f7,8a01daa423f7.png,1,1,train
8a234d68b27e,8a234d68b27e.png,3,1,train
8a25a080f28f,8a25a080f28f.png,1,1,train
8a3eb86ae4bd,8a3eb86ae4bd.png,0,0,train
8a482c024fc2,8a482c024fc2.png,0,0,train
8a7765e785fb,8a7765e785fb.png,0,0,train
8a81f62320d6,8a81f62320d6.png,0,0,train
8a87dd2a784e,8a87dd2a784e.png,0,0,train
8a8a251770cd,8a8a251770cd.png,0,0,train
8a9bef2fbd4e,8a9bef2fbd4e.png,3,1,train
8aa3c4681542,8aa3c4681542.png,0,0,train
8ab3faa3701f,8ab3faa3701f.png,0,0,train
8acffaf1f4b9,8acffaf1f4b9.png,2,1,train
8ae049175db6,8ae049175db6.png,4,1,train
8af50c9d0a86,8af50c9d0a86.png,0,0,train
8af6a4e5396f,8af6a4e5396f.png,4,1,train
8b079e79035f,8b079e79035f.png,0,0,train
8b26d3cd61e8,8b26d3cd61e8.png,2,1,train
8b568d47a1fd,8b568d47a1fd.png,0,0,train
8b58f9a338e8,8b58f9a338e8.png,0,0,train
8b76c3c5cb3e,8b76c3c5cb3e.png,3,1,train
8b8fe3fc8950,8b8fe3fc8950.png,0,0,train
8bad12d70368,8bad12d70368.png,4,1,train
8bbd7835e9aa,8bbd7835e9aa.png,1,1,train
8bc6716c2238,8bc6716c2238.png,1,1,train
8bdb891661a8,8bdb891661a8.png,2,1,train
8be6629a6039,8be6629a6039.png,0,0,train
8bed09514c3b,8bed09514c3b.png,4,1,train
8bf2d925dc0c,8bf2d925dc0c.png,0,0,train
8c0d05233238,8c0d05233238.png,3,1,train
8c2f0f04e1ed,8c2f0f04e1ed.png,1,1,train
8c7c26c52a6c,8c7c26c52a6c.png,4,1,train
8c84e96d9b01,8c84e96d9b01.png,0,0,train
8c87bd748996,8c87bd748996.png,2,1,train
8cb6b0efaaac,8cb6b0efaaac.png,2,1,train
8cb6b5b2f19c,8cb6b5b2f19c.png,2,1,train
8d3d67661620,8d3d67661620.png,2,1,train
8d4ff745a409,8d4ff745a409.png,0,0,train
8dafa62f9322,8dafa62f9322.png,0,0,train
8db2ce991101,8db2ce991101.png,4,1,train
8dba09a4e5ed,8dba09a4e5ed.png,2,1,train
8dc22e65c06f,8dc22e65c06f.png,1,1,train
8dfa629ca74e,8dfa629ca74e.png,2,1,train
8dfff47b06b7,8dfff47b06b7.png,2,1,train
8e20b8fac7c3,8e20b8fac7c3.png,2,1,train
8e2a3978c244,8e2a3978c244.png,0,0,train
8e3b79e1f1f7,8e3b79e1f1f7.png,2,1,train
8e4a354e3da2,8e4a354e3da2.png,0,0,train
8e63fc4ab532,8e63fc4ab532.png,2,1,train
8e67f2d7e0ee,8e67f2d7e0ee.png,0,0,train
8e6df9eedcd8,8e6df9eedcd8.png,0,0,train
8e76054f0831,8e76054f0831.png,0,0,train
8e7981855125,8e7981855125.png,0,0,train
8ead8f37423c,8ead8f37423c.png,0,0,train
8eb3337a54e9,8eb3337a54e9.png,2,1,train
8ed586c43023,8ed586c43023.png,0,0,train
8eeac97f02f0,8eeac97f02f0.png,4,1,train
8ef2eb8c51c4,8ef2eb8c51c4.png,1,1,train
8f06ca4642bd,8f06ca4642bd.png,0,0,train
8f10e41a2f02,8f10e41a2f02.png,0,0,train
8f14bca04b47,8f14bca04b47.png,0,0,train
8f1e7433a95d,8f1e7433a95d.png,2,1,train
8f2996b8d855,8f2996b8d855.png,1,1,train
8f318a978844,8f318a978844.png,4,1,train
8f9819752ca0,8f9819752ca0.png,0,0,train
8fd7ad26e691,8fd7ad26e691.png,4,1,train
8ff2733f6aef,8ff2733f6aef.png,2,1,train
8ff863f8874f,8ff863f8874f.png,1,1,train
901a3552fe26,901a3552fe26.png,0,0,train
902dc5a91a3f,902dc5a91a3f.png,0,0,train
9033f1493da1,9033f1493da1.png,2,1,train
9041eb43456e,9041eb43456e.png,2,1,train
9095d43fb132,9095d43fb132.png,0,0,train
90960ddf4d14,90960ddf4d14.png,0,0,train
90a786abe58e,90a786abe58e.png,0,0,train
90a9a41eec6d,90a9a41eec6d.png,0,0,train
90b8bf342032,90b8bf342032.png,3,1,train
90bde2ff8953,90bde2ff8953.png,0,0,train
9122b31414d3,9122b31414d3.png,0,0,train
912fbe06407e,912fbe06407e.png,0,0,train
913b1890ed1e,913b1890ed1e.png,2,1,train
916915f01e17,916915f01e17.png,0,0,train
916ec976ff30,916ec976ff30.png,3,1,train
917f76f360b6,917f76f360b6.png,2,1,train
91a88d3b0358,91a88d3b0358.png,2,1,train
91b7a4179ecf,91b7a4179ecf.png,0,0,train
91cbe1c775ef,91cbe1c775ef.png,2,1,train
91e82fe4e434,91e82fe4e434.png,0,0,train
922586d86cd8,922586d86cd8.png,0,0,train
9232dc06cfdc,9232dc06cfdc.png,0,0,train
92587e494d51,92587e494d51.png,0,0,train
9274e75dc4d5,9274e75dc4d5.png,0,0,train
9287e57326d0,9287e57326d0.png,0,0,train
92889b863ae6,92889b863ae6.png,0,0,train
92b0d27fc0ec,92b0d27fc0ec.png,2,1,train
92d8a7c8e718,92d8a7c8e718.png,2,1,train
92e3d608fd3c,92e3d608fd3c.png,0,0,train
92f313287a29,92f313287a29.png,2,1,train
92fcf50b3562,92fcf50b3562.png,0,0,train
932181b93b2f,932181b93b2f.png,2,1,train
93421787f520,93421787f520.png,0,0,train
936299166bea,936299166bea.png,0,0,train
937bc1b924b1,937bc1b924b1.png,0,0,train
93802d1e3c41,93802d1e3c41.png,0,0,train
93be637084a2,93be637084a2.png,1,1,train
93d6d20a5ee3,93d6d20a5ee3.png,0,0,train
94076a9fb9b5,94076a9fb9b5.png,0,0,train
94111ed3d276,94111ed3d276.png,1,1,train
941d874c8afb,941d874c8afb.png,0,0,train
942f544c4e15,942f544c4e15.png,0,0,train
944a233fbf8e,944a233fbf8e.png,1,1,train
949710bead24,949710bead24.png,0,0,train
94b9ccc73bb9,94b9ccc73bb9.png,0,0,train
94dcb491143f,94dcb491143f.png,2,1,train
94f9ecf4b8d2,94f9ecf4b8d2.png,0,0,train
9519a590985d,9519a590985d.png,0,0,train
956765d5f46d,956765d5f46d.png,0,0,train
958c1fa044ba,958c1fa044ba.png,0,0,train
95a4cc805c7b,95a4cc805c7b.png,1,1,train
95e732e043a1,95e732e043a1.png,4,1,train
962c0fc85e13,962c0fc85e13.png,0,0,train
962cf85e4f6d,962cf85e4f6d.png,2,1,train
966c07831334,966c07831334.png,0,0,train
9688c6ef5dc5,9688c6ef5dc5.png,0,0,train
96a9706b8534,96a9706b8534.png,1,1,train
96b5474ae604,96b5474ae604.png,0,0,train
96c3e3db68bc,96c3e3db68bc.png,2,1,train
96c699221180,96c699221180.png,0,0,train
96ce10a1dbd7,96ce10a1dbd7.png,0,0,train
96d48b073f18,96d48b073f18.png,2,1,train
96ea316ed0ab,96ea316ed0ab.png,0,0,train
971bb98ab935,971bb98ab935.png,0,0,train
973b0facfa9b,973b0facfa9b.png,0,0,train
974c7d7b9c64,974c7d7b9c64.png,0,0,train
975252e325e3,975252e325e3.png,2,1,train
976082127e2a,976082127e2a.png,0,0,train
977e1ca77653,977e1ca77653.png,1,1,train
9782c0489eca,9782c0489eca.png,1,1,train
9785805af1b8,9785805af1b8.png,2,1,train
97a235367f9d,97a235367f9d.png,0,0,train
97bf61736b86,97bf61736b86.png,2,1,train
97c6cb55866d,97c6cb55866d.png,0,0,train
97da093947e8,97da093947e8.png,4,1,train
97f290d31813,97f290d31813.png,0,0,train
98104c8c67eb,98104c8c67eb.png,2,1,train
98277aeb96a7,98277aeb96a7.png,0,0,train
9837048b85dc,9837048b85dc.png,2,1,train
983c98354e9c,983c98354e9c.png,0,0,train
98441214557f,98441214557f.png,0,0,train
9858cc2ae073,9858cc2ae073.png,0,0,train
9878db94d9f3,9878db94d9f3.png,3,1,train
98d41bce73a8,98d41bce73a8.png,0,0,train
98e44127872f,98e44127872f.png,0,0,train
98e8adcf085c,98e8adcf085c.png,2,1,train
98f48850ebce,98f48850ebce.png,2,1,train
98f7136d2e7a,98f7136d2e7a.png,2,1,train
9904939ab83d,9904939ab83d.png,2,1,train
99132193eaa0,99132193eaa0.png,1,1,train
991a0b7a8c87,991a0b7a8c87.png,0,0,train
992b9a07b25f,992b9a07b25f.png,0,0,train
996f57c86ba5,996f57c86ba5.png,3,1,train
996f9bba4ef0,996f9bba4ef0.png,0,0,train
9985375d709f,9985375d709f.png,0,0,train
999115d9386b,999115d9386b.png,2,1,train
999ad827ed35,999ad827ed35.png,0,0,train
99c626e58464,99c626e58464.png,0,0,train
99c6a123ed6a,99c6a123ed6a.png,0,0,train
99e8bf998285,99e8bf998285.png,2,1,train
99ecdb41d5e7,99ecdb41d5e7.png,1,1,train
9a159d4674cd,9a159d4674cd.png,0,0,train
9a28d4e8aef0,9a28d4e8aef0.png,2,1,train
9a326446c431,9a326446c431.png,0,0,train
9a3c03a5ad0f,9a3c03a5ad0f.png,2,1,train
9a496b1e20f9,9a496b1e20f9.png,4,1,train
9a56cfb980ec,9a56cfb980ec.png,0,0,train
9a7bd084395e,9a7bd084395e.png,2,1,train
9a94e0316ee3,9a94e0316ee3.png,3,1,train
9ab18a4a957f,9ab18a4a957f.png,0,0,train
9ac2e3e9fca5,9ac2e3e9fca5.png,0,0,train
9ac41b9a809e,9ac41b9a809e.png,0,0,train
9ad92f1c1542,9ad92f1c1542.png,2,1,train
9b0eb9f41da4,9b0eb9f41da4.png,2,1,train
9b32e8ef0ca0,9b32e8ef0ca0.png,2,1,train
9b4fc15df3c8,9b4fc15df3c8.png,0,0,train
9b57e43b44e7,9b57e43b44e7.png,0,0,train
9b70f84400af,9b70f84400af.png,0,0,train
9b7b6e4db1d5,9b7b6e4db1d5.png,2,1,train
9b95d6203406,9b95d6203406.png,2,1,train
9ba469af2980,9ba469af2980.png,0,0,train
9bafbbd152d2,9bafbbd152d2.png,3,1,train
9bf060db8376,9bf060db8376.png,3,1,train
9c088d2d1559,9c088d2d1559.png,2,1,train
9c14ce27cbfc,9c14ce27cbfc.png,0,0,train
9c514d2d5b3f,9c514d2d5b3f.png,0,0,train
9c52b87d01f1,9c52b87d01f1.png,3,1,train
9c5dd3612f0c,9c5dd3612f0c.png,2,1,train
9ce46d400cd6,9ce46d400cd6.png,0,0,train
9cedf5c7016b,9cedf5c7016b.png,2,1,train
9d1feed37610,9d1feed37610.png,0,0,train
9d62478042b6,9d62478042b6.png,0,0,train
9d98a0b585f2,9d98a0b585f2.png,2,1,train
9de9421f17e3,9de9421f17e3.png,0,0,train
9e2058917304,9e2058917304.png,0,0,train
9e2a8135f471,9e2a8135f471.png,0,0,train
9e2ba2b979f1,9e2ba2b979f1.png,0,0,train
9e3510963315,9e3510963315.png,4,1,train
9e5ec293267c,9e5ec293267c.png,2,1,train
9e7a63b2fc6a,9e7a63b2fc6a.png,0,0,train
9e99ae6ee7af,9e99ae6ee7af.png,0,0,train
9eaf735cf01f,9eaf735cf01f.png,1,1,train
9f1b14dfa14c,9f1b14dfa14c.png,0,0,train
9f1efb799b7b,9f1efb799b7b.png,2,1,train
9f285b3e57ed,9f285b3e57ed.png,0,0,train
9f37c98b8187,9f37c98b8187.png,3,1,train
9f4132bd6ed6,9f4132bd6ed6.png,2,1,train
9f436886e056,9f436886e056.png,2,1,train
9f5a8665cf2e,9f5a8665cf2e.png,2,1,train
9f8112c710be,9f8112c710be.png,0,0,train
9f935fb38440,9f935fb38440.png,0,0,train
9fa02dfb5553,9fa02dfb5553.png,0,0,train
9fab29e69a6b,9fab29e69a6b.png,4,1,train
9fefe2b44795,9fefe2b44795.png,3,1,train
a00b4cb250a7,a00b4cb250a7.png,1,1,train
a01024054596,a01024054596.png,1,1,train
a02dfd67a925,a02dfd67a925.png,0,0,train
a0445785e2f7,a0445785e2f7.png,0,0,train
a06a63d866b2,a06a63d866b2.png,0,0,train
a06e41bd2634,a06e41bd2634.png,2,1,train
a06e5ac695ce,a06e5ac695ce.png,0,0,train
a07d571bf7ba,a07d571bf7ba.png,0,0,train
a07d9a5045cb,a07d9a5045cb.png,0,0,train
a07efb1ecfc0,a07efb1ecfc0.png,0,0,train
a08a0133754a,a08a0133754a.png,0,0,train
a0adbe677508,a0adbe677508.png,0,0,train
a0b7ad98df57,a0b7ad98df57.png,0,0,train
a0cd7bffdaa0,a0cd7bffdaa0.png,4,1,train
a0e635689259,a0e635689259.png,0,0,train
a0fd94e2ad76,a0fd94e2ad76.png,0,0,train
a12ca80bb8c7,a12ca80bb8c7.png,0,0,train
a14bbd9a583e,a14bbd9a583e.png,3,1,train
a150ff5dfe07,a150ff5dfe07.png,2,1,train
a15470303941,a15470303941.png,2,1,train
a15590a7d774,a15590a7d774.png,2,1,train
a15652b22ab8,a15652b22ab8.png,2,1,train
a182b5b191de,a182b5b191de.png,4,1,train
a188c60b93fb,a188c60b93fb.png,0,0,train
a1b28bcbce00,a1b28bcbce00.png,0,0,train
a1e236fbc863,a1e236fbc863.png,0,0,train
a1faeb4d5f10,a1faeb4d5f10.png,0,0,train
a2163f0c2af5,a2163f0c2af5.png,0,0,train
a21b37719f9b,a21b37719f9b.png,2,1,train
a247961a5cd9,a247961a5cd9.png,0,0,train
a2696f444ecb,a2696f444ecb.png,1,1,train
a28bfb772f50,a28bfb772f50.png,1,1,train
a2ad3da4c7d6,a2ad3da4c7d6.png,2,1,train
a2b97d98f130,a2b97d98f130.png,0,0,train
a30a143a53a3,a30a143a53a3.png,0,0,train
a3132c8828e4,a3132c8828e4.png,0,0,train
a32b5ce3d48a,a32b5ce3d48a.png,4,1,train
a3475dc3ac80,a3475dc3ac80.png,2,1,train
a34fc5376669,a34fc5376669.png,0,0,train
a3706ce27869,a3706ce27869.png,2,1,train
a384e688e228,a384e688e228.png,0,0,train
a3957df90a78,a3957df90a78.png,2,1,train
a3ad6c2db6f1,a3ad6c2db6f1.png,1,1,train
a3b2e93d058b,a3b2e93d058b.png,2,1,train
a3bd2e034614,a3bd2e034614.png,0,0,train
a3d2a0c4cd17,a3d2a0c4cd17.png,1,1,train
a3fcf42ff56d,a3fcf42ff56d.png,4,1,train
a4012932e18d,a4012932e18d.png,0,0,train
a419fcb2dfb5,a419fcb2dfb5.png,0,0,train
a4359815f152,a4359815f152.png,2,1,train
a443c4fd489c,a443c4fd489c.png,1,1,train
a45c30da0c72,a45c30da0c72.png,0,0,train
a47432cd41e7,a47432cd41e7.png,1,1,train
a476fd984005,a476fd984005.png,2,1,train
a47878630dc2,a47878630dc2.png,2,1,train
a484bdf85b4c,a484bdf85b4c.png,0,0,train
a49b0b4484ea,a49b0b4484ea.png,2,1,train
a4b8de38eac1,a4b8de38eac1.png,3,1,train
a4d41c495666,a4d41c495666.png,2,1,train
a4d4b69f7404,a4d4b69f7404.png,3,1,train
a4ee03ecff60,a4ee03ecff60.png,0,0,train
a505981d1cab,a505981d1cab.png,2,1,train
a528be013a04,a528be013a04.png,0,0,train
a53d6d2472a6,a53d6d2472a6.png,0,0,train
a56230242a95,a56230242a95.png,2,1,train
a56729de89e9,a56729de89e9.png,2,1,train
a5a2a7003d60,a5a2a7003d60.png,1,1,train
a5c9a8c726b2,a5c9a8c726b2.png,4,1,train
a61723fc38c2,a61723fc38c2.png,0,0,train
a627eb8c08c5,a627eb8c08c5.png,0,0,train
a62e995f167c,a62e995f167c.png,0,0,train
a64273801bde,a64273801bde.png,2,1,train
a646c084928c,a646c084928c.png,0,0,train
a654b25124c3,a654b25124c3.png,0,0,train
a664d2055886,a664d2055886.png,2,1,train
a66c3165876f,a66c3165876f.png,2,1,train
a6731dd737af,a6731dd737af.png,0,0,train
a688f20f8895,a688f20f8895.png,2,1,train
a6c9e96a10d7,a6c9e96a10d7.png,2,1,train
a70d0f12a641,a70d0f12a641.png,0,0,train
a73c3d516c59,a73c3d516c59.png,0,0,train
a73d012c4c38,a73d012c4c38.png,0,0,train
a76132e79688,a76132e79688.png,0,0,train
a763661f98a5,a763661f98a5.png,3,1,train
a7673ac44509,a7673ac44509.png,0,0,train
a76b69e443ce,a76b69e443ce.png,4,1,train
a77eb914b383,a77eb914b383.png,0,0,train
a790a3b36390,a790a3b36390.png,2,1,train
a7b03e58a6e1,a7b03e58a6e1.png,0,0,train
a7b0d0c51731,a7b0d0c51731.png,2,1,train
a7b7dc8788b9,a7b7dc8788b9.png,2,1,train
a7c10ca6c117,a7c10ca6c117.png,0,0,train
a7ec056502e7,a7ec056502e7.png,1,1,train
a804cef3e51f,a804cef3e51f.png,2,1,train
a80dab8eddf4,a80dab8eddf4.png,3,1,train
a81b06f50612,a81b06f50612.png,4,1,train
a82a12ad3fb1,a82a12ad3fb1.png,0,0,train
a8582e346df0,a8582e346df0.png,1,1,train
a86128b601a7,a86128b601a7.png,0,0,train
a86c6283fd78,a86c6283fd78.png,2,1,train
a879c3569552,a879c3569552.png,2,1,train
a87f53bc984a,a87f53bc984a.png,2,1,train
a8854768549f,a8854768549f.png,0,0,train
a88f68b0b114,a88f68b0b114.png,2,1,train
a8a6588c8eb7,a8a6588c8eb7.png,0,0,train
a8aed92940fb,a8aed92940fb.png,0,0,train
a8b3c0961d42,a8b3c0961d42.png,0,0,train
a8c9fcdbc0be,a8c9fcdbc0be.png,0,0,train
a8dea22ef903,a8dea22ef903.png,0,0,train
a8e08e7fe016,a8e08e7fe016.png,2,1,train
a8eb35b3bcd2,a8eb35b3bcd2.png,2,1,train
a94da3d3b5c0,a94da3d3b5c0.png,0,0,train
a95858e052d6,a95858e052d6.png,1,1,train
a95d9d61ddd4,a95d9d61ddd4.png,0,0,train
a96ff96bbae5,a96ff96bbae5.png,0,0,train
a987aa7aac37,a987aa7aac37.png,0,0,train
a9a3225cf4b5,a9a3225cf4b5.png,0,0,train
a9c7b83caf81,a9c7b83caf81.png,2,1,train
a9d0c900b6a9,a9d0c900b6a9.png,2,1,train
a9dc80cba9a4,a9dc80cba9a4.png,0,0,train
a9e3d186cd1b,a9e3d186cd1b.png,0,0,train
a9e984b57556,a9e984b57556.png,3,1,train
aa0afc41ed19,aa0afc41ed19.png,2,1,train
aa10a4b2e709,aa10a4b2e709.png,0,0,train
aa31bc6b8f4d,aa31bc6b8f4d.png,2,1,train
aa5ce75edcf5,aa5ce75edcf5.png,2,1,train
aa60813e1a8d,aa60813e1a8d.png,0,0,train
aa6242f9e08c,aa6242f9e08c.png,0,0,train
aa6673241154,aa6673241154.png,4,1,train
aa841de1ee82,aa841de1ee82.png,2,1,train
aa8a1e814811,aa8a1e814811.png,0,0,train
aa94cc4bfd84,aa94cc4bfd84.png,0,0,train
aaaadb174012,aaaadb174012.png,0,0,train
aabd867043cf,aabd867043cf.png,0,0,train
aafe980edd0c,aafe980edd0c.png,0,0,train
ab03d50bba2f,ab03d50bba2f.png,0,0,train
ab1c20a94f3f,ab1c20a94f3f.png,4,1,train
ab32db41c409,ab32db41c409.png,0,0,train
ab3c505b624f,ab3c505b624f.png,0,0,train
ab50123abadb,ab50123abadb.png,2,1,train
ab653b8554c0,ab653b8554c0.png,0,0,train
ab686895533e,ab686895533e.png,0,0,train
ab724603ee93,ab724603ee93.png,0,0,train
ab78a66dee6a,ab78a66dee6a.png,0,0,train
ab7991df166b,ab7991df166b.png,0,0,train
ab88081e5654,ab88081e5654.png,0,0,train
abbb8791785e,abbb8791785e.png,0,0,train
abdb365cacbc,abdb365cacbc.png,1,1,train
abe940882578,abe940882578.png,0,0,train
abf09c44d5f4,abf09c44d5f4.png,2,1,train
abf0f56c6f12,abf0f56c6f12.png,2,1,train
ac0a48ccbf70,ac0a48ccbf70.png,0,0,train
ac81fc200162,ac81fc200162.png,0,0,train
acc9f29538c4,acc9f29538c4.png,2,1,train
ace2281f00c4,ace2281f00c4.png,0,0,train
acf976efd7ce,acf976efd7ce.png,0,0,train
ad029ba7fa8b,ad029ba7fa8b.png,0,0,train
ad1aa75d5630,ad1aa75d5630.png,0,0,train
ad1f7445b1a8,ad1f7445b1a8.png,1,1,train
ad93d88c87ea,ad93d88c87ea.png,0,0,train
ad944bd56bb6,ad944bd56bb6.png,0,0,train
add1d681d712,add1d681d712.png,2,1,train
addf66a50f42,addf66a50f42.png,0,0,train
ae1344610ebe,ae1344610ebe.png,2,1,train
ae20112e7a1e,ae20112e7a1e.png,0,0,train
ae2e888905ba,ae2e888905ba.png,0,0,train
ae58ccb5905e,ae58ccb5905e.png,0,0,train
ae8424cdb029,ae8424cdb029.png,2,1,train
ae8472f8d310,ae8472f8d310.png,1,1,train
ae94ce412de9,ae94ce412de9.png,0,0,train
aeb6f4fd2eed,aeb6f4fd2eed.png,0,0,train
aebe87a423c8,aebe87a423c8.png,0,0,train
aec51513cf45,aec51513cf45.png,0,0,train
aed4e743c230,aed4e743c230.png,2,1,train
aef9016557ca,aef9016557ca.png,2,1,train
af133a85ea0c,af133a85ea0c.png,1,1,train
af5a0bc4e1fa,af5a0bc4e1fa.png,0,0,train
af6166d57f13,af6166d57f13.png,0,0,train
af6a1508cd95,af6a1508cd95.png,0,0,train
af7a36454670,af7a36454670.png,0,0,train
af831c158744,af831c158744.png,2,1,train
af87d48ffe01,af87d48ffe01.png,0,0,train
af8aa32beee4,af8aa32beee4.png,2,1,train
afc345cc9145,afc345cc9145.png,0,0,train
afc744fad65e,afc744fad65e.png,0,0,train
b033ab4fb723,b033ab4fb723.png,2,1,train
b0619ca93a5f,b0619ca93a5f.png,0,0,train
b06dabab4f09,b06dabab4f09.png,2,1,train
b085caa513a8,b085caa513a8.png,0,0,train
b086c7cd3868,b086c7cd3868.png,0,0,train
b0acd3593310,b0acd3593310.png,0,0,train
b0cc9f8d06e4,b0cc9f8d06e4.png,2,1,train
b0d35981708b,b0d35981708b.png,2,1,train
b0eeae01b8ab,b0eeae01b8ab.png,2,1,train
b0f0fa677d5f,b0f0fa677d5f.png,0,0,train
b0f8613305a3,b0f8613305a3.png,0,0,train
b1197f2cc9b3,b1197f2cc9b3.png,1,1,train
b11dcdcbc8c8,b11dcdcbc8c8.png,0,0,train
b13d72ceea26,b13d72ceea26.png,2,1,train
b16dd4483ca5,b16dd4483ca5.png,0,0,train
b187b3c93afb,b187b3c93afb.png,2,1,train
b191ba0a2b12,b191ba0a2b12.png,3,1,train
b1b3e7d0a5f3,b1b3e7d0a5f3.png,4,1,train
b1c6f0997e27,b1c6f0997e27.png,0,0,train
b200c23b299b,b200c23b299b.png,0,0,train
b22354b5f94b,b22354b5f94b.png,1,1,train
b2748ac28fc1,b2748ac28fc1.png,2,1,train
b2b79b37d314,b2b79b37d314.png,0,0,train
b2b7ccd34cbd,b2b7ccd34cbd.png,0,0,train
b2ffa3e18559,b2ffa3e18559.png,3,1,train
b351ae99413a,b351ae99413a.png,0,0,train
b35cad8fe2d7,b35cad8fe2d7.png,0,0,train
b37aae3c8fe1,b37aae3c8fe1.png,4,1,train
b3819a805dca,b3819a805dca.png,4,1,train
b3a994760537,b3a994760537.png,0,0,train
b3c0c3330278,b3c0c3330278.png,2,1,train
b3d12069e1c5,b3d12069e1c5.png,2,1,train
b3d135bd3bb5,b3d135bd3bb5.png,3,1,train
b3f31c371e59,b3f31c371e59.png,0,0,train
b402daa0864c,b402daa0864c.png,2,1,train
b43440c6ebe4,b43440c6ebe4.png,0,0,train
b460ca9fa26f,b460ca9fa26f.png,0,0,train
b46b09a45f39,b46b09a45f39.png,0,0,train
b498b84d383f,b498b84d383f.png,2,1,train
b4b04d81acbb,b4b04d81acbb.png,0,0,train
b4e15102cd7a,b4e15102cd7a.png,0,0,train
b4f41b5bf0ef,b4f41b5bf0ef.png,1,1,train
b50b30aa6e6c,b50b30aa6e6c.png,1,1,train
b5204c0decc7,b5204c0decc7.png,0,0,train
b532dedd928c,b532dedd928c.png,0,0,train
b549af91bd30,b549af91bd30.png,0,0,train
b553e7909535,b553e7909535.png,0,0,train
b55d2ddb3e75,b55d2ddb3e75.png,4,1,train
b574d229ec4c,b574d229ec4c.png,2,1,train
b576c5269ad1,b576c5269ad1.png,1,1,train
b5834ee64541,b5834ee64541.png,3,1,train
b598bc9753c2,b598bc9753c2.png,0,0,train
b5b913358b32,b5b913358b32.png,0,0,train
b5bf7b84fc66,b5bf7b84fc66.png,0,0,train
b60dbf9f0744,b60dbf9f0744.png,2,1,train
b640e3bdff75,b640e3bdff75.png,1,1,train
b64e1eef3d63,b64e1eef3d63.png,0,0,train
b65ff67743b2,b65ff67743b2.png,2,1,train
b665041e1633,b665041e1633.png,2,1,train
b67ae80f7eba,b67ae80f7eba.png,0,0,train
b69c224edd6e,b69c224edd6e.png,0,0,train
b6a0e348a01e,b6a0e348a01e.png,1,1,train
b6bf847fbcb2,b6bf847fbcb2.png,0,0,train
b6bfe9db60e5,b6bfe9db60e5.png,3,1,train
b6fd109b1bc9,b6fd109b1bc9.png,0,0,train
b70cb31b9abb,b70cb31b9abb.png,4,1,train
b70e7c26f51e,b70e7c26f51e.png,0,0,train
b71428739d4e,b71428739d4e.png,1,1,train
b7278b4f2448,b7278b4f2448.png,1,1,train
b72a86d61959,b72a86d61959.png,0,0,train
b72f59b85f7c,b72f59b85f7c.png,0,0,train
b73d0bcd3d33,b73d0bcd3d33.png,0,0,train
b746a6681ba9,b746a6681ba9.png,2,1,train
b759cbef90c5,b759cbef90c5.png,0,0,train
b762c29cf2f3,b762c29cf2f3.png,2,1,train
b77b8a1f09f1,b77b8a1f09f1.png,4,1,train
b7983cb3f270,b7983cb3f270.png,0,0,train
b7a1bb106051,b7a1bb106051.png,0,0,train
b7bd4a6627b6,b7bd4a6627b6.png,0,0,train
b7ce561a7328,b7ce561a7328.png,0,0,train
b7f0bc7d399e,b7f0bc7d399e.png,0,0,train
b82d5f1f1145,b82d5f1f1145.png,2,1,train
b82dfa63a75f,b82dfa63a75f.png,0,0,train
b835b6e31a59,b835b6e31a59.png,0,0,train
b83a6eca125f,b83a6eca125f.png,2,1,train
b842b43cb7fb,b842b43cb7fb.png,0,0,train
b87f9c59748b,b87f9c59748b.png,4,1,train
b89938407ee6,b89938407ee6.png,2,1,train
b8ac328009e0,b8ac328009e0.png,2,1,train
b8dab47a260e,b8dab47a260e.png,0,0,train
b8e20c076b03,b8e20c076b03.png,0,0,train
b8e9a8f4617d,b8e9a8f4617d.png,0,0,train
b8ebedd382de,b8ebedd382de.png,1,1,train
b8f1b30877db,b8f1b30877db.png,2,1,train
b8fb9f55cd6d,b8fb9f55cd6d.png,2,1,train
b9127e38d9b9,b9127e38d9b9.png,2,1,train
b91ef82e723a,b91ef82e723a.png,2,1,train
b927a9238434,b927a9238434.png,2,1,train
b92eacd1392a,b92eacd1392a.png,0,0,train
b94c58d063bf,b94c58d063bf.png,1,1,train
b95d4dd8e5e2,b95d4dd8e5e2.png,2,1,train
b963a11638f2,b963a11638f2.png,0,0,train
b99794a0beed,b99794a0beed.png,2,1,train
b99afe7137fb,b99afe7137fb.png,4,1,train
b99c825b93c5,b99c825b93c5.png,2,1,train
b9b6ee2b9453,b9b6ee2b9453.png,2,1,train
b9b99dad668d,b9b99dad668d.png,1,1,train
b9fe7da14a32,b9fe7da14a32.png,0,0,train
ba0107fb1bfd,ba0107fb1bfd.png,0,0,train
ba08cee68c71,ba08cee68c71.png,4,1,train
ba25f947f4ec,ba25f947f4ec.png,2,1,train
ba2ea9182090,ba2ea9182090.png,0,0,train
ba4d2c4b3039,ba4d2c4b3039.png,4,1,train
ba4e62c11cc0,ba4e62c11cc0.png,0,0,train
baaca2f7e1f0,baaca2f7e1f0.png,0,0,train
bacfa2b8e706,bacfa2b8e706.png,0,0,train
bacfb1029f6b,bacfb1029f6b.png,1,1,train
badb5ff8d3c7,badb5ff8d3c7.png,0,0,train
bb2f89488ecd,bb2f89488ecd.png,0,0,train
bb5083fae98f,bb5083fae98f.png,3,1,train
bb733062f494,bb733062f494.png,2,1,train
bb752b179751,bb752b179751.png,0,0,train
bb783d8e496f,bb783d8e496f.png,1,1,train
bb7e0a2544cd,bb7e0a2544cd.png,3,1,train
bb85097857fa,bb85097857fa.png,0,0,train
bb9a3d835a94,bb9a3d835a94.png,1,1,train
bc34ed91c9bc,bc34ed91c9bc.png,4,1,train
bc7bf19b84e3,bc7bf19b84e3.png,0,0,train
bc8c6a778cde,bc8c6a778cde.png,0,0,train
bc92a61a1f9c,bc92a61a1f9c.png,0,0,train
bca2bdc15fc5,bca2bdc15fc5.png,2,1,train
bcb0498ed2c1,bcb0498ed2c1.png,0,0,train
bcc762618e7d,bcc762618e7d.png,2,1,train
bd06028eb7dd,bd06028eb7dd.png,0,0,train
bd269a1f0e4d,bd269a1f0e4d.png,1,1,train
bd34a0639575,bd34a0639575.png,0,0,train
bd375ba756b1,bd375ba756b1.png,0,0,train
bd500a73beae,bd500a73beae.png,0,0,train
bd5013540a13,bd5013540a13.png,4,1,train
bd9904495ccd,bd9904495ccd.png,4,1,train
bda8c973b09d,bda8c973b09d.png,2,1,train
bdc6c60e9133,bdc6c60e9133.png,0,0,train
bdff5d8bddf8,bdff5d8bddf8.png,4,1,train
be161517d3ac,be161517d3ac.png,2,1,train
be197b663520,be197b663520.png,0,0,train
be21d8b60e2a,be21d8b60e2a.png,2,1,train
be3a7d9e981e,be3a7d9e981e.png,0,0,train
be68322c7223,be68322c7223.png,2,1,train
be6cbf6e5b10,be6cbf6e5b10.png,0,0,train
be7f791a7877,be7f791a7877.png,0,0,train
beb00fa6e7c9,beb00fa6e7c9.png,0,0,train
bebfbd907cac,bebfbd907cac.png,0,0,train
bec0acd539b2,bec0acd539b2.png,3,1,train
bed8296c8dfe,bed8296c8dfe.png,0,0,train
bf18ff30a8f6,bf18ff30a8f6.png,1,1,train
bf1b7e21e774,bf1b7e21e774.png,2,1,train
bf6cbccacf39,bf6cbccacf39.png,0,0,train
bf7047dc683c,bf7047dc683c.png,2,1,train
bf811911acf9,bf811911acf9.png,0,0,train
bf87aedf2489,bf87aedf2489.png,0,0,train
bf9cba745efc,bf9cba745efc.png,2,1,train
bfa30ebf63a8,bfa30ebf63a8.png,0,0,train
bfaa0080ab61,bfaa0080ab61.png,2,1,train
bfd5c0e55420,bfd5c0e55420.png,2,1,train
bfda2fd0533a,bfda2fd0533a.png,2,1,train
bfdee9be1f1d,bfdee9be1f1d.png,4,1,train
bfe467b7e997,bfe467b7e997.png,2,1,train
bff51afc76d4,bff51afc76d4.png,0,0,train
c01eae4b4939,c01eae4b4939.png,4,1,train
c0202976c670,c0202976c670.png,2,1,train
c027e5482e8c,c027e5482e8c.png,1,1,train
c05b7b4c22fe,c05b7b4c22fe.png,2,1,train
c06024f05a16,c06024f05a16.png,0,0,train
c096131ad065,c096131ad065.png,0,0,train
c0a0828e01b4,c0a0828e01b4.png,3,1,train
c0a117de7d0a,c0a117de7d0a.png,0,0,train
c0e15e8e2b46,c0e15e8e2b46.png,1,1,train
c0e509786f7f,c0e509786f7f.png,4,1,train
c0f15fe3b4b7,c0f15fe3b4b7.png,1,1,train
c102db7634d8,c102db7634d8.png,1,1,train
c12e9ca420a5,c12e9ca420a5.png,0,0,train
c1437a7a52c9,c1437a7a52c9.png,0,0,train
c1799a6f5c65,c1799a6f5c65.png,4,1,train
c1819db0aece,c1819db0aece.png,0,0,train
c1896142a20a,c1896142a20a.png,4,1,train
c18a006f7f1d,c18a006f7f1d.png,0,0,train
c21eb81de9fc,c21eb81de9fc.png,0,0,train
c23ff6dcf15e,c23ff6dcf15e.png,0,0,train
c24bcf7a1bc4,c24bcf7a1bc4.png,0,0,train
c252da9b41d8,c252da9b41d8.png,2,1,train
c25e02b39c01,c25e02b39c01.png,0,0,train
c261b1aaa828,c261b1aaa828.png,2,1,train
c280730cc211,c280730cc211.png,2,1,train
c2a58b2cfd0b,c2a58b2cfd0b.png,0,0,train
c2f3281cf528,c2f3281cf528.png,0,0,train
c31651ea04c6,c31651ea04c6.png,3,1,train
c334f8688b77,c334f8688b77.png,0,0,train
c365c598ad4e,c365c598ad4e.png,0,0,train
c38dec54a9f7,c38dec54a9f7.png,0,0,train
c3acf47700ea,c3acf47700ea.png,2,1,train
c3b15bf9b4bc,c3b15bf9b4bc.png,0,0,train
c3c8fdda50c0,c3c8fdda50c0.png,0,0,train
c3cd0200df79,c3cd0200df79.png,3,1,train
c3d12a23f451,c3d12a23f451.png,4,1,train
c3e02d4a1798,c3e02d4a1798.png,2,1,train
c40976189f22,c40976189f22.png,1,1,train
c446985355f1,c446985355f1.png,0,0,train
c48ae5da188e,c48ae5da188e.png,2,1,train
c4aef0d88d1b,c4aef0d88d1b.png,0,0,train
c4e8b1ec8893,c4e8b1ec8893.png,2,1,train
c5431b81cbc9,c5431b81cbc9.png,2,1,train
c546670d9684,c546670d9684.png,0,0,train
c561bcd519e9,c561bcd519e9.png,2,1,train
c56293f53191,c56293f53191.png,0,0,train
c56e65f74187,c56e65f74187.png,1,1,train
c57c164bca05,c57c164bca05.png,0,0,train
c58e5c0c5b33,c58e5c0c5b33.png,0,0,train
c5a0e84e955d,c5a0e84e955d.png,0,0,train
c5a6f432a1ec,c5a6f432a1ec.png,0,0,train
c5ad60521f8c,c5ad60521f8c.png,2,1,train
c5bec7f1e5f3,c5bec7f1e5f3.png,0,0,train
c613db1cab27,c613db1cab27.png,2,1,train
c6229222bf22,c6229222bf22.png,0,0,train
c62585bd68fb,c62585bd68fb.png,4,1,train
c62cef02efa2,c62cef02efa2.png,0,0,train
c639d837f5e4,c639d837f5e4.png,0,0,train
c64c0966b4cf,c64c0966b4cf.png,0,0,train
c67117c6ab3b,c67117c6ab3b.png,3,1,train
c68dfa021d62,c68dfa021d62.png,2,1,train
c6a145742708,c6a145742708.png,4,1,train
c6a2975228af,c6a2975228af.png,2,1,train
c6a8f8f998a2,c6a8f8f998a2.png,0,0,train
c6c2bad91f23,c6c2bad91f23.png,2,1,train
c6e1e9fbf39b,c6e1e9fbf39b.png,2,1,train
c704bd669f36,c704bd669f36.png,0,0,train
c70d09370109,c70d09370109.png,2,1,train
c739ff9580d3,c739ff9580d3.png,1,1,train
c755a0c4edcc,c755a0c4edcc.png,0,0,train
c7c0470bcf87,c7c0470bcf87.png,2,1,train
c7c3d363bc86,c7c3d363bc86.png,0,0,train
c7d0deb71576,c7d0deb71576.png,0,0,train
c80f79579fed,c80f79579fed.png,2,1,train
c81c6911f5e0,c81c6911f5e0.png,0,0,train
c85b79d70079,c85b79d70079.png,0,0,train
c8823cdaf7fa,c8823cdaf7fa.png,2,1,train
c8905b8d5cf1,c8905b8d5cf1.png,2,1,train
c8a3eb9a5b52,c8a3eb9a5b52.png,2,1,train
c90c6b94cf40,c90c6b94cf40.png,0,0,train
c947bb6cf9f6,c947bb6cf9f6.png,0,0,train
c9485c38fdd5,c9485c38fdd5.png,1,1,train
c96f743915b5,c96f743915b5.png,1,1,train
c97472ef2c66,c97472ef2c66.png,0,0,train
c9c563864ab1,c9c563864ab1.png,0,0,train
c9d42d7534e0,c9d42d7534e0.png,2,1,train
c9e697117f3f,c9e697117f3f.png,0,0,train
c9ea9d5eab65,c9ea9d5eab65.png,3,1,train
c9f0dc2c8b43,c9f0dc2c8b43.png,2,1,train
ca05f7e7801b,ca05f7e7801b.png,0,0,train
ca1036496659,ca1036496659.png,1,1,train
ca2b54b95ade,ca2b54b95ade.png,0,0,train
ca360bec5851,ca360bec5851.png,2,1,train
ca6842bfcbc9,ca6842bfcbc9.png,1,1,train
ca7570c5925c,ca7570c5925c.png,2,1,train
ca7f5caddf96,ca7f5caddf96.png,2,1,train
ca891d37a43c,ca891d37a43c.png,2,1,train
ca9c912ebad7,ca9c912ebad7.png,2,1,train
cab3dfa7962d,cab3dfa7962d.png,1,1,train
cac40227d3b2,cac40227d3b2.png,2,1,train
cad5b1a82e60,cad5b1a82e60.png,0,0,train
cadde4030858,cadde4030858.png,0,0,train
cae33655ca00,cae33655ca00.png,0,0,train
caec68f11c86,caec68f11c86.png,2,1,train
cb02bb47fdc5,cb02bb47fdc5.png,0,0,train
cb0cc98d7e35,cb0cc98d7e35.png,0,0,train
cb39761f0712,cb39761f0712.png,0,0,train
cb547e723a16,cb547e723a16.png,4,1,train
cb602182cde3,cb602182cde3.png,2,1,train
cb75210abebe,cb75210abebe.png,2,1,train
cbc23af521f3,cbc23af521f3.png,0,0,train
cbc2e57447c2,cbc2e57447c2.png,2,1,train
cbd0870aa933,cbd0870aa933.png,4,1,train
cbe633765ea7,cbe633765ea7.png,0,0,train
cc1eebed9276,cc1eebed9276.png,2,1,train
cc3d2e961768,cc3d2e961768.png,4,1,train
cc671a73e1cb,cc671a73e1cb.png,0,0,train
cc839823755b,cc839823755b.png,2,1,train
cc9270f06b65,cc9270f06b65.png,1,1,train
cc964bf04dbc,cc964bf04dbc.png,0,0,train
cca626a0e19a,cca626a0e19a.png,2,1,train
ccd34029493d,ccd34029493d.png,2,1,train
ccd6dcb2f568,ccd6dcb2f568.png,0,0,train
ccea49708830,ccea49708830.png,0,0,train
cd01672507c9,cd01672507c9.png,0,0,train
cd01f4f83336,cd01f4f83336.png,0,0,train
cd314653a4d8,cd314653a4d8.png,0,0,train
cd3fd04d72f5,cd3fd04d72f5.png,2,1,train
cd48cfab4e44,cd48cfab4e44.png,0,0,train
cd4e7f9fa1a9,cd4e7f9fa1a9.png,2,1,train
cd563556cb57,cd563556cb57.png,0,0,train
cd66754e1b3b,cd66754e1b3b.png,0,0,train
cd93a472e5cd,cd93a472e5cd.png,4,1,train
cd972e5639e0,cd972e5639e0.png,4,1,train
cd9e2190c73f,cd9e2190c73f.png,2,1,train
ce754234d760,ce754234d760.png,0,0,train
ceb32a193eff,ceb32a193eff.png,0,0,train
ceb601fe8dba,ceb601fe8dba.png,2,1,train
cf0575534cec,cf0575534cec.png,1,1,train
cf6551521a35,cf6551521a35.png,0,0,train
cf8ae5501bd6,cf8ae5501bd6.png,0,0,train
cf8f1bc7a215,cf8f1bc7a215.png,0,0,train
cfd1bd0fcbb4,cfd1bd0fcbb4.png,1,1,train
cfed7c1172ec,cfed7c1172ec.png,0,0,train
cffc50047828,cffc50047828.png,0,0,train
d0079cc188e9,d0079cc188e9.png,3,1,train
d035c2bd9104,d035c2bd9104.png,3,1,train
d06ccd0cf4b8,d06ccd0cf4b8.png,1,1,train
d0926ed2c8e5,d0926ed2c8e5.png,0,0,train
d0b132d2c7ec,d0b132d2c7ec.png,4,1,train
d0ffa0425ef1,d0ffa0425ef1.png,3,1,train
d10d315f123f,d10d315f123f.png,2,1,train
d141728fa392,d141728fa392.png,2,1,train
d15ca3469b87,d15ca3469b87.png,2,1,train
d160ebef4117,d160ebef4117.png,0,0,train
d16398c971e9,d16398c971e9.png,3,1,train
d16e39b9d6f0,d16e39b9d6f0.png,0,0,train
d16e59a2b33a,d16e59a2b33a.png,0,0,train
d18aea8238a0,d18aea8238a0.png,2,1,train
d18b1d8ac4de,d18b1d8ac4de.png,2,1,train
d18e5b68f6d2,d18e5b68f6d2.png,2,1,train
d18f6431ebce,d18f6431ebce.png,0,0,train
d1b279cc02ae,d1b279cc02ae.png,0,0,train
d1ca85af57c9,d1ca85af57c9.png,0,0,train
d1cad012a254,d1cad012a254.png,1,1,train
d1cf31577a59,d1cf31577a59.png,0,0,train
d1f1ea894da1,d1f1ea894da1.png,2,1,train
d1f7ea924a01,d1f7ea924a01.png,0,0,train
d1fa0f744620,d1fa0f744620.png,0,0,train
d1fb4efb117c,d1fb4efb117c.png,2,1,train
d25b8a8ad3c4,d25b8a8ad3c4.png,2,1,train
d271d3a2b552,d271d3a2b552.png,4,1,train
d27ac9e54901,d27ac9e54901.png,0,0,train
d29b37d110f3,d29b37d110f3.png,0,0,train
d2c5fb82fe5f,d2c5fb82fe5f.png,0,0,train
d2c6b99ef62c,d2c6b99ef62c.png,2,1,train
d2cd47ed2c1d,d2cd47ed2c1d.png,0,0,train
d2fb715b0c41,d2fb715b0c41.png,0,0,train
d2ffe9287dc7,d2ffe9287dc7.png,3,1,train
d332d7b8a26e,d332d7b8a26e.png,0,0,train
d364423ec6f9,d364423ec6f9.png,2,1,train
d38cf0f4a9af,d38cf0f4a9af.png,0,0,train
d39752cb6e57,d39752cb6e57.png,0,0,train
d3be5346684b,d3be5346684b.png,2,1,train
d3d578fe433f,d3d578fe433f.png,2,1,train
d3de0d313d61,d3de0d313d61.png,1,1,train
d3dfd0a2dee6,d3dfd0a2dee6.png,0,0,train
d3e884109b45,d3e884109b45.png,3,1,train
d41b33fcb94f,d41b33fcb94f.png,2,1,train
d4583e9525dc,d4583e9525dc.png,0,0,train
d473f6fafba0,d473f6fafba0.png,2,1,train
d48178e4a49b,d48178e4a49b.png,4,1,train
d4bc001f7224,d4bc001f7224.png,0,0,train
d4be0403e6ab,d4be0403e6ab.png,2,1,train
d4f32b9c07df,d4f32b9c07df.png,1,1,train
d516f77d4516,d516f77d4516.png,0,0,train
d51c2153d151,d51c2153d151.png,0,0,train
d56d32a1d62d,d56d32a1d62d.png,0,0,train
d5a39339ff3d,d5a39339ff3d.png,2,1,train
d5ad3362424c,d5ad3362424c.png,0,0,train
d5b4705ac2ee,d5b4705ac2ee.png,1,1,train
d5c63a8d9e94,d5c63a8d9e94.png,0,0,train
d6228d951958,d6228d951958.png,2,1,train
d6283ded6aea,d6283ded6aea.png,2,1,train
d659d7fd5ccf,d659d7fd5ccf.png,4,1,train
d66ccb75ada1,d66ccb75ada1.png,1,1,train
d67374d3fa2a,d67374d3fa2a.png,2,1,train
d6803e467592,d6803e467592.png,0,0,train
d69698f838db,d69698f838db.png,0,0,train
d6b109c82067,d6b109c82067.png,0,0,train
d6dbb0820ea5,d6dbb0820ea5.png,0,0,train
d6df4fe492ec,d6df4fe492ec.png,0,0,train
d6e26fe51dce,d6e26fe51dce.png,1,1,train
d6f36ec5564a,d6f36ec5564a.png,0,0,train
d7078e8b0349,d7078e8b0349.png,0,0,train
d74ccc796517,d74ccc796517.png,0,0,train
d78b7401096f,d78b7401096f.png,0,0,train
d7ab5c040294,d7ab5c040294.png,0,0,train
d7bc00091cfc,d7bc00091cfc.png,0,0,train
d7bc62d60e8c,d7bc62d60e8c.png,0,0,train
d801c0a66738,d801c0a66738.png,1,1,train
d803598dabda,d803598dabda.png,4,1,train
d807c53c1399,d807c53c1399.png,0,0,train
d81338217fc5,d81338217fc5.png,2,1,train
d83c3efade75,d83c3efade75.png,2,1,train
d83d0695e215,d83d0695e215.png,2,1,train
d844a7252f4e,d844a7252f4e.png,0,0,train
d866c26d76f0,d866c26d76f0.png,0,0,train
d868acdccb5b,d868acdccb5b.png,3,1,train
d88806d9ece9,d88806d9ece9.png,2,1,train
d88c4843aec3,d88c4843aec3.png,0,0,train
d8cdb7d7283a,d8cdb7d7283a.png,2,1,train
d911dd40c63b,d911dd40c63b.png,0,0,train
d91273efb92a,d91273efb92a.png,2,1,train
d91635f380b4,d91635f380b4.png,0,0,train
d9311f7497cb,d9311f7497cb.png,2,1,train
d93b61dc8f64,d93b61dc8f64.png,0,0,train
d94e10f42861,d94e10f42861.png,2,1,train
d952dbfb0fe4,d952dbfb0fe4.png,2,1,train
d95959798b57,d95959798b57.png,2,1,train
d97911a32918,d97911a32918.png,0,0,train
d99b0f7dd9b9,d99b0f7dd9b9.png,0,0,train
d9a475dfe59a,d9a475dfe59a.png,2,1,train
d9ad2a0ec026,d9ad2a0ec026.png,0,0,train
d9bbdc33db83,d9bbdc33db83.png,2,1,train
d9d2631f043c,d9d2631f043c.png,0,0,train
d9e58e4d8689,d9e58e4d8689.png,0,0,train
da0a1043abf7,da0a1043abf7.png,2,1,train
da0a83f074f3,da0a83f074f3.png,0,0,train
da2bdf4236ac,da2bdf4236ac.png,0,0,train
da3a2275c850,da3a2275c850.png,0,0,train
da44f80b422b,da44f80b422b.png,2,1,train
da6389d129aa,da6389d129aa.png,0,0,train
da6bbb76d562,da6bbb76d562.png,0,0,train
da949aa67a4f,da949aa67a4f.png,0,0,train
daad7b617f21,daad7b617f21.png,0,0,train
daeaa5d8cf70,daeaa5d8cf70.png,2,1,train
db3cd58aa315,db3cd58aa315.png,0,0,train
db49cdf1ea64,db49cdf1ea64.png,2,1,train
db4ed1e07aa3,db4ed1e07aa3.png,1,1,train
db52626d450c,db52626d450c.png,0,0,train
db690e2d02f8,db690e2d02f8.png,1,1,train
dbb2c63f6f08,dbb2c63f6f08.png,3,1,train
dbd062558b81,dbd062558b81.png,1,1,train
dbee04ae6426,dbee04ae6426.png,2,1,train
dc0eea0b68a7,dc0eea0b68a7.png,0,0,train
dc0f6e5b489b,dc0f6e5b489b.png,0,0,train
dc3c0d8ee20b,dc3c0d8ee20b.png,2,1,train
dc6fa1b38b83,dc6fa1b38b83.png,2,1,train
dcc6c0ad5cad,dcc6c0ad5cad.png,0,0,train
dccdf750c962,dccdf750c962.png,0,0,train
dce73d90c00c,dce73d90c00c.png,0,0,train
dcf109df1a2b,dcf109df1a2b.png,0,0,train
dd110d2b8c21,dd110d2b8c21.png,2,1,train
dd19428c3d29,dd19428c3d29.png,1,1,train
dd3176bacfe2,dd3176bacfe2.png,0,0,train
dd3dad6ca78f,dd3dad6ca78f.png,3,1,train
dd90c321d7bc,dd90c321d7bc.png,0,0,train
ddb222ff7c1d,ddb222ff7c1d.png,0,0,train
dde43aa22ae6,dde43aa22ae6.png,2,1,train
de16416220de,de16416220de.png,4,1,train
de18071c36e6,de18071c36e6.png,0,0,train
de38adaae009,de38adaae009.png,0,0,train
de4cdabbce6d,de4cdabbce6d.png,0,0,train
de55ed25e0e8,de55ed25e0e8.png,0,0,train
de57c9e9fa93,de57c9e9fa93.png,0,0,train
de6210f88536,de6210f88536.png,0,0,train
de730033c683,de730033c683.png,0,0,train
dea7538bb91a,dea7538bb91a.png,0,0,train
dec5595e6154,dec5595e6154.png,0,0,train
dee1031a76ae,dee1031a76ae.png,0,0,train
dee31065f8fe,dee31065f8fe.png,0,0,train
df0886f1e76b,df0886f1e76b.png,0,0,train
df4913ca3712,df4913ca3712.png,4,1,train
df4aec4a0eaf,df4aec4a0eaf.png,4,1,train
df5ce3ea7820,df5ce3ea7820.png,2,1,train
df84e7113003,df84e7113003.png,4,1,train
dfc7ec7db0e0,dfc7ec7db0e0.png,0,0,train
e019b3e0f33d,e019b3e0f33d.png,4,1,train
e01b7bac822b,e01b7bac822b.png,0,0,train
e037643244b7,e037643244b7.png,4,1,train
e03a74e7d74f,e03a74e7d74f.png,0,0,train
e03e70bc8bba,e03e70bc8bba.png,2,1,train
e04f3c6619a3,e04f3c6619a3.png,0,0,train
e067b06fd655,e067b06fd655.png,0,0,train
e06cccc08c59,e06cccc08c59.png,0,0,train
e07045d7c5f7,e07045d7c5f7.png,1,1,train
e0b5a982a018,e0b5a982a018.png,3,1,train
e0d229db881a,e0d229db881a.png,0,0,train
e13412678eff,e13412678eff.png,3,1,train
e1418d28d668,e1418d28d668.png,2,1,train
e150935f66a6,e150935f66a6.png,2,1,train
e160a3b19911,e160a3b19911.png,0,0,train
e1ab92228e60,e1ab92228e60.png,0,0,train
e1c02f6c3362,e1c02f6c3362.png,0,0,train
e1dc02a3dc2a,e1dc02a3dc2a.png,0,0,train
e1e490773462,e1e490773462.png,2,1,train
e1fb532f55df,e1fb532f55df.png,3,1,train
e2161692a0b4,e2161692a0b4.png,2,1,train
e2265c383348,e2265c383348.png,0,0,train
e229aca862c7,e229aca862c7.png,2,1,train
e23add229074,e23add229074.png,4,1,train
e251bdf05b85,e251bdf05b85.png,0,0,train
e265c870f9b3,e265c870f9b3.png,2,1,train
e26bcae6c67b,e26bcae6c67b.png,0,0,train
e26d8718ca58,e26d8718ca58.png,1,1,train
e2a233493b90,e2a233493b90.png,1,1,train
e2c39ed0c941,e2c39ed0c941.png,0,0,train
e2ec22b3d07e,e2ec22b3d07e.png,0,0,train
e30a890600e1,e30a890600e1.png,0,0,train
e322acd46152,e322acd46152.png,0,0,train
e33766353db2,e33766353db2.png,0,0,train
e34fa07bd64d,e34fa07bd64d.png,2,1,train
e387311a840e,e387311a840e.png,2,1,train
e3ab63dc9a60,e3ab63dc9a60.png,4,1,train
e3b47ed5b511,e3b47ed5b511.png,0,0,train
e3e490babc0c,e3e490babc0c.png,2,1,train
e4151feb8443,e4151feb8443.png,2,1,train
e4210e7fe587,e4210e7fe587.png,3,1,train
e4730ddde408,e4730ddde408.png,4,1,train
e47452069ea1,e47452069ea1.png,0,0,train
e47770a2e5d1,e47770a2e5d1.png,0,0,train
e499434242cc,e499434242cc.png,2,1,train
e4ae1ee6aada,e4ae1ee6aada.png,0,0,train
e4b0df29b96f,e4b0df29b96f.png,0,0,train
e4c799738a19,e4c799738a19.png,0,0,train
e4dcca36ceb4,e4dcca36ceb4.png,0,0,train
e4e343eaae2a,e4e343eaae2a.png,2,1,train
e50b0174690d,e50b0174690d.png,0,0,train
e5197d77ec68,e5197d77ec68.png,0,0,train
e529c5757d64,e529c5757d64.png,0,0,train
e52ed5c29c5e,e52ed5c29c5e.png,3,1,train
e540d2e35d15,e540d2e35d15.png,2,1,train
e580676516b0,e580676516b0.png,1,1,train
e582e56e7942,e582e56e7942.png,0,0,train
e594c19e2e1d,e594c19e2e1d.png,0,0,train
e59c5f345bb0,e59c5f345bb0.png,0,0,train
e5f332efcbc7,e5f332efcbc7.png,0,0,train
e5f73f2855c0,e5f73f2855c0.png,0,0,train
e60e4edb3ca9,e60e4edb3ca9.png,0,0,train
e6552b7432b3,e6552b7432b3.png,0,0,train
e65f94ad9be3,e65f94ad9be3.png,2,1,train
e663c6627a95,e663c6627a95.png,2,1,train
e66855a5c583,e66855a5c583.png,0,0,train
e66ad813a508,e66ad813a508.png,0,0,train
e68746d426b2,e68746d426b2.png,0,0,train
e68bdd36e589,e68bdd36e589.png,0,0,train
e69b48516577,e69b48516577.png,0,0,train
e6a58edc5b42,e6a58edc5b42.png,2,1,train
e6a6acf7fca1,e6a6acf7fca1.png,2,1,train
e6f0ce5bf282,e6f0ce5bf282.png,2,1,train
e724866f5084,e724866f5084.png,2,1,train
e7291472109b,e7291472109b.png,0,0,train
e740af6ac6ea,e740af6ac6ea.png,4,1,train
e756495c11cb,e756495c11cb.png,2,1,train
e7578d8dba72,e7578d8dba72.png,0,0,train
e76a9cbb2a8c,e76a9cbb2a8c.png,3,1,train
e77a93c3d9a9,e77a93c3d9a9.png,0,0,train
e79e10907295,e79e10907295.png,0,0,train
e7a372a1c3a4,e7a372a1c3a4.png,2,1,train
e7a7187066ad,e7a7187066ad.png,2,1,train
e7b5dd5bab1f,e7b5dd5bab1f.png,0,0,train
e7d2c2c3b30f,e7d2c2c3b30f.png,4,1,train
e7defafeb957,e7defafeb957.png,2,1,train
e7fc93ac5b6d,e7fc93ac5b6d.png,2,1,train
e811f39a1243,e811f39a1243.png,2,1,train
e821c1b6417a,e821c1b6417a.png,4,1,train
e82232a3c28b,e82232a3c28b.png,0,0,train
e868c3da340b,e868c3da340b.png,2,1,train
e893e86dde94,e893e86dde94.png,0,0,train
e8ddfc9709ce,e8ddfc9709ce.png,0,0,train
e907d23cce3d,e907d23cce3d.png,0,0,train
e9129ce55fd7,e9129ce55fd7.png,2,1,train
e9286ddf6ffe,e9286ddf6ffe.png,1,1,train
e933923aab15,e933923aab15.png,0,0,train
e93394175a19,e93394175a19.png,3,1,train
e96099b961b4,e96099b961b4.png,2,1,train
e966850247f4,e966850247f4.png,0,0,train
e9678824215d,e9678824215d.png,0,0,train
e96bd80a8a53,e96bd80a8a53.png,1,1,train
e9f82b5bbaf4,e9f82b5bbaf4.png,2,1,train
e9faf0296643,e9faf0296643.png,0,0,train
e9ff9352ccb3,e9ff9352ccb3.png,1,1,train
ea05c22d92e9,ea05c22d92e9.png,2,1,train
ea15a290eb96,ea15a290eb96.png,1,1,train
ea1d045f9fea,ea1d045f9fea.png,2,1,train
ea4dcb055139,ea4dcb055139.png,2,1,train
ea588d1e5d96,ea588d1e5d96.png,2,1,train
ea9e0fb6fb0b,ea9e0fb6fb0b.png,2,1,train
eabc7c716255,eabc7c716255.png,0,0,train
eabf421f94d0,eabf421f94d0.png,0,0,train
eae70f527755,eae70f527755.png,0,0,train
eae901557a84,eae901557a84.png,2,1,train
eb050765b323,eb050765b323.png,0,0,train
eb1d37b71fd1,eb1d37b71fd1.png,4,1,train
eb32a815f78c,eb32a815f78c.png,2,1,train
eb6b1f1c09db,eb6b1f1c09db.png,0,0,train
eba3acc42197,eba3acc42197.png,1,1,train
ebd96d853918,ebd96d853918.png,0,0,train
ebf4b22240f4,ebf4b22240f4.png,0,0,train
ec01f0862669,ec01f0862669.png,0,0,train
ec0c9f817b03,ec0c9f817b03.png,0,0,train
ec4649213ccf,ec4649213ccf.png,1,1,train
ecad6845f630,ecad6845f630.png,0,0,train
ecb4500285ed,ecb4500285ed.png,0,0,train
ed2c06fcc573,ed2c06fcc573.png,2,1,train
ed2c52c14493,ed2c52c14493.png,0,0,train
ed2ef440d22c,ed2ef440d22c.png,0,0,train
ed3ce1674761,ed3ce1674761.png,0,0,train
ed648b9bcd95,ed648b9bcd95.png,0,0,train
ed6704e3b72e,ed6704e3b72e.png,3,1,train
ed6bd9293a89,ed6bd9293a89.png,0,0,train
ed88faaa325a,ed88faaa325a.png,2,1,train
eda1d75cbcf0,eda1d75cbcf0.png,0,0,train
eda29a9d78f3,eda29a9d78f3.png,0,0,train
edceb0657d77,edceb0657d77.png,0,0,train
ee02294cc3d9,ee02294cc3d9.png,2,1,train
ee059945b08a,ee059945b08a.png,2,1,train
ee1ec90b980f,ee1ec90b980f.png,4,1,train
ee2c2a5f7d0e,ee2c2a5f7d0e.png,2,1,train
ee3f5cf52188,ee3f5cf52188.png,0,0,train
ee6e39319b39,ee6e39319b39.png,2,1,train
ee74c3b177e0,ee74c3b177e0.png,2,1,train
ee77763a6afb,ee77763a6afb.png,0,0,train
ee78ce914066,ee78ce914066.png,1,1,train
eeaea2c5ff34,eeaea2c5ff34.png,0,0,train
eeb231c3ef1f,eeb231c3ef1f.png,1,1,train
eed4afc8ec83,eed4afc8ec83.png,1,1,train
ef4121e9bb67,ef4121e9bb67.png,0,0,train
ef476be214d4,ef476be214d4.png,0,0,train
ef7a4ed8d5d1,ef7a4ed8d5d1.png,2,1,train
ef7eb85b75fc,ef7eb85b75fc.png,0,0,train
ef8109305128,ef8109305128.png,1,1,train
ef81cd8854cb,ef81cd8854cb.png,0,0,train
ef8c39eb9157,ef8c39eb9157.png,0,0,train
ef99c499d665,ef99c499d665.png,0,0,train
f0098e9d4aee,f0098e9d4aee.png,4,1,train
f00ce9b9d6f4,f00ce9b9d6f4.png,0,0,train
f02057c41256,f02057c41256.png,0,0,train
f0267c42907c,f0267c42907c.png,0,0,train
f02956bd7c50,f02956bd7c50.png,0,0,train
f03d3c4ce7fb,f03d3c4ce7fb.png,4,1,train
f0546a45ef10,f0546a45ef10.png,0,0,train
f066db7a2efe,f066db7a2efe.png,0,0,train
f06e7a9df795,f06e7a9df795.png,0,0,train
f0800723bc63,f0800723bc63.png,2,1,train
f080a22008be,f080a22008be.png,3,1,train
f0860c21533b,f0860c21533b.png,0,0,train
f092febbf5c0,f092febbf5c0.png,3,1,train
f0c13be90519,f0c13be90519.png,1,1,train
f0e1201b5c1f,f0e1201b5c1f.png,0,0,train
f0f89314e860,f0f89314e860.png,4,1,train
f18abfa690ab,f18abfa690ab.png,2,1,train
f1979147aad4,f1979147aad4.png,0,0,train
f1d719c97838,f1d719c97838.png,0,0,train
f233638e0e90,f233638e0e90.png,0,0,train
f23902998c21,f23902998c21.png,2,1,train
f252046c0fe6,f252046c0fe6.png,0,0,train
f26b02ead915,f26b02ead915.png,0,0,train
f298b7d05958,f298b7d05958.png,0,0,train
f2c0b41acd05,f2c0b41acd05.png,0,0,train
f2d2a0c92034,f2d2a0c92034.png,4,1,train
f2f569a64949,f2f569a64949.png,0,0,train
f30f203ef51e,f30f203ef51e.png,2,1,train
f35d80bb1a22,f35d80bb1a22.png,0,0,train
f361060eda3e,f361060eda3e.png,0,0,train
f366fb1cc475,f366fb1cc475.png,0,0,train
f36cb007a1ef,f36cb007a1ef.png,0,0,train
f3a268d2726d,f3a268d2726d.png,2,1,train
f3a4751af42e,f3a4751af42e.png,0,0,train
f3b27ac2d371,f3b27ac2d371.png,0,0,train
f3cd489acbee,f3cd489acbee.png,2,1,train
f42b693a9414,f42b693a9414.png,0,0,train
f431f2e119d7,f431f2e119d7.png,0,0,train
f451eee2b66b,f451eee2b66b.png,0,0,train
f45f1485c940,f45f1485c940.png,2,1,train
f460608cf4cc,f460608cf4cc.png,2,1,train
f47a2a4a0411,f47a2a4a0411.png,1,1,train
f481f76a6b75,f481f76a6b75.png,1,1,train
f4874247ede6,f4874247ede6.png,0,0,train
f4c7ae514c54,f4c7ae514c54.png,0,0,train
f4e68b61f480,f4e68b61f480.png,0,0,train
f4ea2a2cfbb9,f4ea2a2cfbb9.png,0,0,train
f531232ecb55,f531232ecb55.png,0,0,train
f5650eb52640,f5650eb52640.png,1,1,train
f56ff0440ed1,f56ff0440ed1.png,0,0,train
f576e45d1da2,f576e45d1da2.png,3,1,train
f57cf3b6f48e,f57cf3b6f48e.png,0,0,train
f583a722434c,f583a722434c.png,2,1,train
f58cdfa968be,f58cdfa968be.png,0,0,train
f58d37d48e42,f58d37d48e42.png,4,1,train
f58f0b2fd718,f58f0b2fd718.png,0,0,train
f5c953bee7cd,f5c953bee7cd.png,0,0,train
f5e6226bd2e0,f5e6226bd2e0.png,4,1,train
f5e9a307288c,f5e9a307288c.png,2,1,train
f61bf44c677c,f61bf44c677c.png,2,1,train
f62b8a076833,f62b8a076833.png,0,0,train
f633c474e8b8,f633c474e8b8.png,0,0,train
f66c4ee86629,f66c4ee86629.png,0,0,train
f68690db78d3,f68690db78d3.png,0,0,train
f69400b316a7,f69400b316a7.png,2,1,train
f69835dc7c50,f69835dc7c50.png,4,1,train
f6d760566a51,f6d760566a51.png,0,0,train
f6f3ea0d2693,f6f3ea0d2693.png,4,1,train
f6f433f3306f,f6f433f3306f.png,3,1,train
f6f7dba7104d,f6f7dba7104d.png,1,1,train
f71aca5a7dc3,f71aca5a7dc3.png,0,0,train
f71bea807c96,f71bea807c96.png,0,0,train
f72adcac5638,f72adcac5638.png,4,1,train
f72ef9ceeaa8,f72ef9ceeaa8.png,1,1,train
f762c272c522,f762c272c522.png,1,1,train
f7defe70afc3,f7defe70afc3.png,0,0,train
f7e9fa75c7c1,f7e9fa75c7c1.png,0,0,train
f7fec8935126,f7fec8935126.png,1,1,train
f80118bbda18,f80118bbda18.png,2,1,train
f819c65b803c,f819c65b803c.png,0,0,train
f8372e80f731,f8372e80f731.png,2,1,train
f850cb51fdba,f850cb51fdba.png,4,1,train
f85c78201a50,f85c78201a50.png,0,0,train
f85fd4fac887,f85fd4fac887.png,0,0,train
f8d62557ad0c,f8d62557ad0c.png,0,0,train
f8fc411092c7,f8fc411092c7.png,2,1,train
f901d460517c,f901d460517c.png,3,1,train
f90f8931a9bc,f90f8931a9bc.png,0,0,train
f9156aeffc5e,f9156aeffc5e.png,3,1,train
f91cfa82b9d4,f91cfa82b9d4.png,0,0,train
f920ccd926db,f920ccd926db.png,2,1,train
f952ad2e4356,f952ad2e4356.png,0,0,train
f9aa35187bf3,f9aa35187bf3.png,2,1,train
f9d52509c571,f9d52509c571.png,0,0,train
f9d8ff3e6592,f9d8ff3e6592.png,0,0,train
f9e1c439d4c8,f9e1c439d4c8.png,0,0,train
f9e779a13204,f9e779a13204.png,2,1,train
f9ecf1795804,f9ecf1795804.png,2,1,train
fa0c87bd75ce,fa0c87bd75ce.png,0,0,train
fa3e544a7401,fa3e544a7401.png,2,1,train
fa573163dd8b,fa573163dd8b.png,0,0,train
fa6f3d8bb1d5,fa6f3d8bb1d5.png,0,0,train
fa748b57262b,fa748b57262b.png,2,1,train
fa7fa797c650,fa7fa797c650.png,0,0,train
fa9bece586fc,fa9bece586fc.png,0,0,train
fac399455195,fac399455195.png,2,1,train
fb1b8771c70a,fb1b8771c70a.png,0,0,train
fb696a8e055a,fb696a8e055a.png,4,1,train
fb767cea406c,fb767cea406c.png,0,0,train
fb88d23fc5fe,fb88d23fc5fe.png,0,0,train
fba493e17448,fba493e17448.png,2,1,train
fbcbc81cf9be,fbcbc81cf9be.png,0,0,train
fbfa925506f6,fbfa925506f6.png,0,0,train
fc4c2d35c6f8,fc4c2d35c6f8.png,2,1,train
fc4d69128e7c,fc4d69128e7c.png,2,1,train
fc603cbedb41,fc603cbedb41.png,2,1,train
fc782722a50c,fc782722a50c.png,0,0,train
fca1a8738b8a,fca1a8738b8a.png,0,0,train
fca931da5c5e,fca931da5c5e.png,1,1,train
fce73678f650,fce73678f650.png,0,0,train
fce93caa4758,fce93caa4758.png,4,1,train
fd079d2e93a2,fd079d2e93a2.png,0,0,train
fd0a70082e7c,fd0a70082e7c.png,0,0,train
fd62bd0db4f1,fd62bd0db4f1.png,1,1,train
fdc685055659,fdc685055659.png,0,0,train
fdd18ccbbdc5,fdd18ccbbdc5.png,1,1,train
fdd534271f3d,fdd534271f3d.png,4,1,train
fe0e2dee1834,fe0e2dee1834.png,0,0,train
fe0fc67c7980,fe0fc67c7980.png,3,1,train
fe3b0e50be78,fe3b0e50be78.png,0,0,train
fe3f62695b2d,fe3f62695b2d.png,0,0,train
fe674c2f73f5,fe674c2f73f5.png,1,1,train
fea14b3d44b0,fea14b3d44b0.png,1,1,train
febfb20dc311,febfb20dc311.png,0,0,train
fecf4c5ae84b,fecf4c5ae84b.png,1,1,train
fefded6bf135,fefded6bf135.png,0,0,train
ff03f74667df,ff03f74667df.png,0,0,train
ff1e940105f9,ff1e940105f9.png,0,0,train
ff344e5c9341,ff344e5c9341.png,2,1,train
ff4832d55461,ff4832d55461.png,0,0,train
ff4cd992667b,ff4cd992667b.png,0,0,train
ff52392372d3,ff52392372d3.png,2,1,train
ff59d44a70a7,ff59d44a70a7.png,0,0,train
ff631653374e,ff631653374e.png,0,0,train
ff8a0b45c789,ff8a0b45c789.png,4,1,train
ffc04fed30e6,ffc04fed30e6.png,0,0,train
ffcf7b45f213,ffcf7b45f213.png,2,1,train
ffd97f8cd5aa,ffd97f8cd5aa.png,0,0,train
ffec9a18a3ce,ffec9a18a3ce.png,2,1,train
